perovskite_formula,precursors,solvents,solvent_ratio,molarity_M,additives,mix_temp_C,stir_time,filter_um,extraction_confidence,notes,pdf_file,llm_status,regex_precursors,regex_solvents,regex_molarity,regex_ratios
Cs0.05(FA0.85MA0.15)0.95Pb(I0.85Br0.15)3,"['FAI', 'MABr', 'PbI2', 'PbBr2', 'CsI']","['DMF', 'DMSO']",4:1,1.3,[],,,,high,"1.3 M organic cation concentration, 1.4 M lead salts with slight excess, CsI added from 2 M DMSO stock solution",C:\Users\inkjet\perovskite_ink_scraper\pdfs\2018_10.1038s41467-018-07099-9_Universal_passivation_strategy_to_slot-die_printed_SnO2_for_hysteresis-free_efficient_flexible_perovskite_sol.pdf,ok,CsI;FAI;MABr;PbBr2;PbI2,DMF;DMSO;IPA;acetonitrile;isopropanol,0.25 mm;1.3 M;1.4 M;15 mm;2 M,1:1;4:1
FA0.85MA0.15PbI2.55Br0.45,"['FAI', 'PbI2', 'MABr', 'PbBr2']","['DMF', 'DMSO']",4:1,1.49,[],,,,high,"FAMA perovskite with FAI 1.38M, PbI2 1.49M, MABr 0.24M, PbBr2 0.26M - stoichiometry suggests FA0.85MA0.15PbI2.55Br0.45",C:\Users\inkjet\perovskite_ink_scraper\pdfs\2019_10.1038s41467-019-08507-4_Strain_engineering_in_perovskite_solar_cells_and_its_impacts_on_carrier_dynamics.pdf,ok,CsI;FAI;MABr;PbBr2;PbI2,DMF;DMSO;acetonitrile;ethanol,0.24 M;0.26 M;1.38 M;1.49 M,10:815;4:1
(FAPbI3)0.85(MAPbBr3)0.15,"['FAPbI3', 'MAPbBr3', 'PbI2']","['DMF', 'DMSO']",6:1,1.05,['MACl'],50,,,high,Contains 7.5 mol% excess PbI2; antisolvent diethyl ether used during spin-coating,C:\Users\inkjet\perovskite_ink_scraper\pdfs\2018_10.1038s41467-018-05583-w_Understanding_how_excess_lead_iodide_precursor_improves_halide_perovskite_solar_cell_performance.pdf,ok,FAI;MACl;PbI2,DMF;DMSO,1.05 M;3 M,6:1;v/v
CsPbBr3,"['CsBr', 'PbBr2']",['DMSO'],,0.5,['CH3NH3Br'],45,overnight,,high,Excess CsBr used (2.2:1 ratio vs stoichiometric 1:1) to suppress non-perovskite phases; MABr additive at 0.05 M for some samples,C:\Users\inkjet\perovskite_ink_scraper\pdfs\2017_10.1038ncomms15640_Ultra-bright_and_highly_efficient_inorganic_based_perovskite_light-emitting_diodes.pdf,ok,CsBr;MABr;PbBr2,DMSO;isopropanol;methanol,0.05 M;0.5 M;1.1 M,2.1:1;2.2:1;2.4:1;2:1
Cs0.05FA0.82MA0.13PbI2.7Br0.3,"['CsI', 'FAI', 'MAI', 'PbI2', 'PbBr2']","['DMF', 'DMSO']",4:1,1,[],180,,,high,"CsI dissolved in pure DMSO at 150°C, other precursors in DMF:DMSO at 180°C",C:\Users\inkjet\perovskite_ink_scraper\pdfs\2021_10.1038s41467-021-22049-8_A_general_approach_to_high-efficiency_perovskite_solar_cells_by_any_antisolvent.pdf,ok,CsI;FAI;MAI;PbBr2;PbI2,DMF;DMSO;IPA,1 M;1.1 M;1.155 M;2 M,0.05:0.85;0.95:1;4:1;5:1;v/v
(PEA)2(MA)3Pb4I13,"['PEAI', 'MAI', 'PbI2']",['DMF'],,1,[],,60min,,high,"2D perovskite with PEAI:MAI:PbI2 molar ratio 2:3:4, concentration based on Pb2+ content",C:\Users\inkjet\perovskite_ink_scraper\pdfs\2019_10.1038s41467-019-08980-x_Synthetic_control_over_orientational_degeneracy_of_spacer_cations_enhances_solar_cell_efficiency_in_two-dimen.pdf,ok,MAI;PEAI;PbI2,DMF;ethanol,0.5 M;1 M,2:3
MAPbI3,"['PbI2', 'MAI']","['DMF', 'DMSO']",4:1,1.5,,,,,high,Multiple perovskite formulations described; extracted first/main MAPbI3 with 1.05:1 PbI2:MAI molar ratio,C:\Users\inkjet\perovskite_ink_scraper\pdfs\2019_10.1038s41467-019-09167-0_A_chemically_inert_bismuth_interlayer_enhances_long-term_stability_of_inverted_perovskite_solar_cells.pdf,ok,CsBr;CsI;FAI;MABr;MAI;PbBr2;PbI2,DMF;DMSO;acetonitrile;ethanol,0.02 mol L-1;0.2 M;0.2 mm;0.225 M;1 M;1.1 M;1.275 M;1.5 M;1.52 M,1.05:1;4:1;80:15;95:5
FA0.83MA0.17PbI2.83Br0.17,"['FAI', 'PbI2', 'MABr', 'PbBr2']","['DMF', 'DMSO']",4:1,,[],,,,high,"Individual precursor concentrations given: FAI 1M, PbI2 1.1M, MABr 0.2M, PbBr2 0.22M. Formula calculated from stoichiometric ratios.",C:\Users\inkjet\perovskite_ink_scraper\pdfs\2018_10.1039c8ee01447g_How_the_formation_of_interfacial_charge_causes_hysteresis_in_perovskite_solar_cells.pdf,ok,FAI;MABr;PbBr2;PbI2,DMF;DMSO,0.2 M;0.22 M;1 M;1.1 M;4 M,3 : 1;3:09;4 : 1
,"['FABr', 'PEABr', 'CsBr', 'PbBr2']",['DMSO'],,0.4,['NVAL'],,,,medium,"Quasi-2D perovskite with n=10, NVAL additive at 8.0 mol% relative to Pb, specific formula not provided",C:\Users\inkjet\perovskite_ink_scraper\pdfs\2021_10.1038s41467-021-22529-x_High-performance_large-area_quasi-2D_perovskite_light-emitting_diodes.pdf,ok,CsBr;FABr;PEABr;PbBr2,DMSO;ethanol;methanol,0.4 M,1:1
FA0.83MA0.17PbI2.83Br0.17,"['FAI', 'PbI2', 'MABr', 'PbBr2']","['DMF', 'DMSO']",4:1,1.0,[],,,,high,Slight excess PbI2 (1.1M vs 1M FAI) typical for perovskite formulations,C:\Users\inkjet\perovskite_ink_scraper\pdfs\2018_10.1038s41467-018-05076-w_Manipulation_of_facet_orientation_in_hybrid_perovskite_polycrystalline_films_by_cation_cascade.pdf,ok,CsI;FAI;MABr;PbBr2;PbI2,DMF;DMSO;acetonitrile;ethanol;isopropanol,0.2 M;0.22 M;1 M;1.0 M;1.1 M;1.5 M,4:1;9:2793
CsxFA1-x-yMAyPbI3-zBrz,"['FAI', 'PbI2', 'MABr', 'PbBr2', 'CsI']","['DMF', 'DMSO']",4:1,1.0,[],,overnight,,high,"Triple cation perovskite with FAI 1M, PbI2 1.1M, MABr 0.2M, PbBr2 0.2M; CsI added from separate 1.5M stock solution in DMSO",C:\Users\inkjet\perovskite_ink_scraper\pdfs\2018_10.1039c8ra03471k_Understanding_effects_of_precursor_solution_aging_in_triple_cation_lead_perovskite.pdf,ok,CsI;FAI;MABr;PbBr2;PbI2,DMF;DMSO,0.2 M;0.45 mm;1 M;1.1 M;1.5 M;42 m,4 : 1
MAPbI3,"['CH3NH3I', 'PbI2']","['DMF', 'DMSO']",1:1,,['PPC'],,,,high,PPC (polymeric Lewis base) used as additive for passivation and cross-linking; diethyl ether used as antisolvent during spin-coating,C:\Users\inkjet\perovskite_ink_scraper\pdfs\2019_10.1038s41467-019-08455-z_Perovskite-polymer_composite_cross-linker_approach_for_highly-stable_and_efficient_perovskite_solar_cells.pdf,ok,PbI2,DMF;DMSO,,1:1
Cs0.04(FA0.84MA0.16)0.96Pb(I0.84Br0.16)3,"['CsI', 'FAI', 'MABr', 'PbBr2', 'PbI2']","['DMF', 'DMSO']",4:1,,[],60,30min,,high,"Specific masses given for 1 mL solvent: CsI (13.0 mg), FAI (180.6 mg), MABr (22.4 mg), PbBr2 (73.4 mg), PbI2 (531.3 mg)",C:\Users\inkjet\perovskite_ink_scraper\pdfs\2021_10.1038s41467-021-21292-3_Interpenetrating_interfaces_for_efficient_perovskite_solar_cells_with_high_operational_stability_and_mechanic.pdf,ok,CsI;FAI;MABr;PbBr2;PbI2,DMF;DMSO;acetonitrile;isopropanol,0.1 M;4 M,4:1
MAPbI3,"['PbI2', 'MAI']",['GBL'],,1,[],60,,0.2,high,"Text also mentions MAPbBr3 with DMF solvent, but MAPbI3 appears to be the main focus. Solution heated to 60°C for preparation, then crystals grown at 110°C.",C:\Users\inkjet\perovskite_ink_scraper\pdfs\2015_10.1038ncomms8586_High-quality_bulk_hybrid_perovskite_single_crystals_within_minutes_by_inverse_temperature_crystallization.pdf,ok,MABr;MAI,DMF;GBL,0 mm;3 mm;8 mm,6:7586
Cs0.05FA0.95PbI3,"['FAI', 'PbI2', 'CsI']","['DMF', 'DMSO']",4:1,1.45,[],60,2h,,high,Calculated molarity based on total precursor mass (905.8 mg) and assuming ~620 g/mol average MW,C:\Users\inkjet\perovskite_ink_scraper\pdfs\2018_10.1038s41467-018-05760-x_High_efficiency_planar-type_perovskite_solar_cells_with_negligible_hysteresis_using_EDTA-complexed_SnO2.pdf,ok,CsI;FAI;PbI2,DMF;DMSO,,4:1;v/v
FAxCs1-xPbI3,"['PbI2', 'FAI', 'CsI']","['DMF', 'GBL', 'DMSO']",1.1:1 (GBL:DMF),1.30,['HI'],,,,medium,"PbI2/DMSO ratio 1:1.2; HI (57% in water) added at 5:100 volume ratio; text mentions modulators (S, N, SN) at 2% vs PbI2 but details are fragmented",C:\Users\inkjet\perovskite_ink_scraper\pdfs\2018_10.1038s41467-018-06709-w_Multifunctional_molecular_modulators_for_perovskite_solar_cells_with_over_20_efficiency_and_high_operational_.pdf,ok,FAI;PbI2,DMF;DMSO;GBL;acetonitrile;ethanol;isopropanol,1.30 M;200 mM;30 mM;65 mM,1.1:1;1:1;1:1.2;5:100;6:1
Cs0.2FA0.8Pb(I0.75Br0.25)3,"['CsI', 'CsBr', 'FAI', 'PbI2', 'PbBr2']","['DMF', 'DMSO']",4:1,1.4,[],,,,high,Text mentions multiple perovskite compositions but Cs0.2FA0.8Pb(I0.75Br0.25)3 formulation is most complete,C:\Users\inkjet\perovskite_ink_scraper\pdfs\2018_10.1038s41467-018-05531-8_Dipolar_cations_confer_defect_tolerance_in_wide-bandgap_metal_halide_perovskites.pdf,ok,CsBr;CsI;FABr;FAI;MABr;PbBr2;PbI2,DMF;DMSO;isopropanol,1.4 M,3: 0.07;4:1
Cs0.05FA0.81MA0.14PbI2.55Br0.45,"['FAI', 'MABr', 'PbBr2', 'PbI2', 'CsI']","['DMF', 'DMSO']",4:1,1.3,[],,,,high,"Concentration calculated from given masses: total precursor mass 737 mg in 1 mL, MW ~567 g/mol gives ~1.3 M",C:\Users\inkjet\perovskite_ink_scraper\pdfs\2020_10.1038s41598-020-63674-5_Fully_Spray-Coated_Triple-Cation_Perovskite_Solar_Cells.pdf,ok,CsI;FAI;MABr;PbBr2;PbI2,DMF;DMSO,2 mm;20 mm;4 M;75 mm,4:1
(HC(NH2)2PbI3)0.85(CH3NH3PbBr3)0.15,"['HC(NH2)2PbI3', 'CH3NH3PbBr3']","['DMF', 'DMSO']",,,[],,,,medium,"Multiple formulations in table, extracted the most complete one with clear formula",C:\Users\inkjet\perovskite_ink_scraper\pdfs\2022_10.1039d2se00162d_Recent_developments_in_perovskite-based_precursor_inks_for_scalable_architectures_of_perovskite_solar_cell_technology.pdf,ok,CsBr;CsI;FAI;MABr;MACl;MAI;PbBr2;PbCl2;PbI2,2-ME;DMF;DMSO;GBL;NMP,0.06 M;0.14 M;0.20 M;1.09 M;1.15 M;1.3 M;1.4 M;1.5 M;2 M,1 : 1;3 : 1;3 : 7;3:10;4 : 1;v/v
,[],[],,,[],,,,high,Text discusses 2D van der Waals heterostructures and chalcogenides - no perovskite ink formulation present,C:\Users\inkjet\perovskite_ink_scraper\pdfs\2019_10.1038s41586-019-1013-x_Van_der_Waals_integration_before_and_beyond_two-dimensional_materials.pdf,ok,,,1 M,
FAPbI3,"['PbI2', 'FAI']","['DMF', 'DMSO']",4:1,1.5,"['3APX', 'MACl']",,,,high,"3APX additives (X = I, Br, Cl) added at 0-8 mol%; MACl added as 34.4 mg; solution was filtered before use",C:\Users\inkjet\perovskite_ink_scraper\pdfs\2023_10.1038s41467-023-36229-1_One-stone-for-two-birds_strategy_to_attain_beyond_25_perovskite_solar_cells.pdf,ok,FAI;MACl;PEAI;PbI2,DMF;DMSO;IPA;ethanol,1.5 M;20 mM,1.5:100;1:1;4:1
FA0.85MA0.15PbI2.85Br0.15,"['PbI2', 'PbBr2', 'MABr', 'FAI']","['DMF', 'DMSO']",4:1,1.15,['KI'],,,,high,KI added as separate 1.5M solution to main precursor solution; molarity based on PbI2 concentration,C:\Users\inkjet\perovskite_ink_scraper\pdfs\2017_10.1038s41598-017-12436-x_Hysteresis-free_perovskite_solar_cells_made_of_potassium-doped_organometal_halide_perovskite.pdf,ok,FAI;MABr;PbBr2;PbI2,DMF;DMSO;acetonitrile;methanol,0.1 M;0.20 M;1.09 M;1.15 M;1.5 M,4:1
FA0.83MA0.17PbI2.83Br0.17,"['FAI', 'PbI2', 'MABr']",,,,[],,,,low,"Text is truncated mid-sentence, individual precursor concentrations given (FAI 1M, PbI2 1.1M, MABr 0.2M) but no solvent information provided",C:\Users\inkjet\perovskite_ink_scraper\pdfs\2015_10.1039c5ee02608c_Highly_efficient_planar_perovskite_solar_cells_through_band_alignment_engineering.pdf,ok,FAI;MABr;PbI2,,0.2 M;1 M;1.1 M,
MAPbI3,"['MAI', 'PbI2']","['2-ME', 'DMSO']",98.5:1.5,1,[],,,,high,2-ME is 2-methoxyethanol; DMSO is 1.5% v/v additive to main 2-ME solvent,C:\Users\inkjet\perovskite_ink_scraper\pdfs\2022_10.26599nre.2022.9120004_Self-assembled_monolayer_enabling_improved_buried_interfaces_in_blade-coated_perovskite_solar_cells_for_high_e.pdf,ok,MAI;PbI2,2-ME;DMF;DMSO;IPA;ethanol,1 M;15 mm,v/v
,,,,,,,,,,,C:\Users\inkjet\perovskite_ink_scraper\pdfs\2022_10.1038s41578-022-00460-x_End-to-end_design_of_wearable_sensors.pdf,error: Expecting value: line 1 column 1 (char 0),,,,
MAPbI3,"['PbI2', 'MAI']","['2-ME', 'DMSO']",,1,[],,,,high,DMSO content varied from 11.77 to 58.88 mol% as additive to 2-ME base solvent; 2-ME = 2-methoxy ethanol,C:\Users\inkjet\perovskite_ink_scraper\pdfs\2020_10.21203rs.3.rs-93765v1_20.8_slot-die_coated_MAPbI3_perovskite_solar_cells_by_optimal_DMSO-content_and_age_of_2-ME_based_precursor_inks.pdf,ok,MAI;PbI2,2-ME;DMSO;ethanol,1M;2.4 M,
,[],[],,,[],,,,low,"Text discusses OLED complexes and phosphors, not perovskite materials",C:\Users\inkjet\perovskite_ink_scraper\pdfs\2014_10.1039c3cs60449g_Recent_progress_in_metalorganic_complexes_for_optoelectronic_applications.pdf,ok,,,,3:10
,[],[],,,[],,,,high,"Text describes BBL:PEI conducting polymer ink, not perovskite materials",C:\Users\inkjet\perovskite_ink_scraper\pdfs\2021_10.1038s41467-021-22528-y_A_high-conductivity_n-type_polymeric_ink_for_printed_electronics.pdf,ok,,ethanol,,12:2354
,,,,,,,,,,,C:\Users\inkjet\perovskite_ink_scraper\pdfs\2019_10.1007s42452-019-0592-3_Metal_oxide_nanoparticles_and_their_applications_in_nanotechnology.pdf,error: Expecting value: line 1 column 1 (char 0),,,,
,[],[],,,[],,,,high,"Text discusses COF (Covalent Organic Framework) chemistry and synthetic polymers, contains no perovskite ink formulation information",C:\Users\inkjet\perovskite_ink_scraper\pdfs\2020_10.1039d0cs00620c_Covalent_organic_frameworks_an_ideal_platform_for_designing_ordered_materials_and_advanced_applications.pdf,ok,,ethanol,,3:10
PEA2(FAPbBr3)n-1PbBr4,"['PEABr', 'FABr', 'PbBr2']",['DMSO'],,0.6,[],,,,high,"Quasi-2D perovskite with variable n value (2-6), molarity based on Pb2+ concentration",C:\Users\inkjet\perovskite_ink_scraper\pdfs\2018_10.1038s41467-018-02978-7_Efficient_green_light-emitting_diodes_based_on_quasi-two-dimensional_composition_and_phase_engineered_perovsk.pdf,ok,FABr;PEABr;PbBr2,DMSO;isopropanol,0.6 mol l-1,9:570
MA0.15FA0.79Cs0.06Pb(I0.85Br0.15)3,"['PbI2', 'FAI', 'MABr', 'PbBr2', 'CsI']","['DMF', 'DMSO']",4:1,1.2,[],,,,high,PbI2 concentration given as 1.2 M; CsI added as 5 vol% of 1.5 M stock solution in DMSO,C:\Users\inkjet\perovskite_ink_scraper\pdfs\2019_10.1039c8ee02751j_Lattice_strain_causes_non-radiative_losses_in_halide_perovskites.pdf,ok,CsI;FAI;MABr;MAI;PbBr2;PbI2,DMF;DMSO,0.21 M;1 mm;1.11 M;1.2 M;1.5 M,3 : 1;4 : 1
FA0.75MA0.25SnI3,"['SnI2', 'FAI', 'MAI', 'SnF2']",['DMSO'],,0.9,['TM-DHP'],45,30min + 15min + 15min,0.45,high,TM-DHP added at 1.0 mol% for SnI2; SnF2 at 10 mol%; solution stirred at 45°C in multiple stages,C:\Users\inkjet\perovskite_ink_scraper\pdfs\2020_10.1038s41467-020-16726-3_SnIV-free_tin_perovskite_films_realized_by_in_situ_Sn0_nanoparticle_treatment_of_the_precursor_solution.pdf,ok,FAI;MAI;SnI2,DMF;DMSO;ethanol,0.9 M,11:3008
FAPbI3,"['FAI', 'MABr', 'PbBr2', 'PbI2']","['DMF', 'DMSO']",4:1,,['MACl'],,,,medium,Text describes multiple formulations; extracted main multi-cation system mentioned first. Concentration given as 1.139 mg/mL FAPbI3 but cannot convert without molecular weight.,C:\Users\inkjet\perovskite_ink_scraper\pdfs\2021_10.1039d1ta06556d_A_synopsis_of_progressive_transition_in_precursor_inks_development_for_metal_halide_perovskites-based_photovoltaic_te.pdf,ok,CsI;FAI;MABr;MACl;MAI;PbBr2;PbI2;SnI2,DMF;DMSO;GBL;IPA,0.05 M;0.07 M;0.12 M;0.23 M;1.3 M;10 mM,3:10;4 : 1;9 : 1;v/v
,[],[],,,[],,,,high,"Text describes PDMS-CNT pressure sensor fabrication, no perovskite materials present",C:\Users\inkjet\perovskite_ink_scraper\pdfs\2022_10.1038s41467-022-29093-y_Highly_stable_flexible_pressure_sensors_with_a_quasi-homogeneous_composition_and_interlinked_interfaces.pdf,ok,,,,10:1
CsPbBr3,"['CsBr', 'PbBr2']",['DMSO'],,,['PEABr'],80,2h,,high,0.2 mmol each of CsBr and PbBr2 used; PEABr added as additive at variable amounts (x% molar ratio); crown ether mentioned at 3.5 mg/mL but text appears cut off,C:\Users\inkjet\perovskite_ink_scraper\pdfs\2018_10.1038s41467-018-06425-5_Solution-processed_perovskite_light_emitting_diodes_with_efficiency_exceeding_15_through_additive-controlled_.pdf,ok,CsBr;PEABr;PbBr2,DMSO;ethanol,,1:1
MAPbI3,"['PbI2', 'MAI', 'ammonium valeric acid iodide']",['GBL'],,1.2,['ammonium valeric acid iodide'],,,,high,0.06 mole ammonium valeric acid iodide appears to be an additive to the base MAPbI3 formulation,C:\Users\inkjet\perovskite_ink_scraper\pdfs\2020_10.1039d0ma00077a_Inkjet_printed_mesoscopic_perovskite_solar_cells_with_custom_design_capability.pdf,ok,PbI2,GBL;isopropanol,200 mm;3.5 mm,1:03;3:11
,[],[],,,[],,,,low,Text discusses chiral perovskite photodetectors but contains no ink formulation details,C:\Users\inkjet\perovskite_ink_scraper\pdfs\2020_10.1038s41578-020-0181-5_Chiral-perovskite_optoelectronics.pdf,ok,,,,
MAPbI3,"['PbI2', 'MAI']",['DMF'],,0.8,['FPMAI'],,,,medium,"Multiple concentrations mentioned (0.8M, 0.2M, 0.04M); extracted main dense precursor concentration. FPMAI appears to be an additive, not core precursor",C:\Users\inkjet\perovskite_ink_scraper\pdfs\2021_10.1038s41467-020-20433-4_Large-area_and_efficient_perovskite_light-emitting_diodes_via_low-temperature_blade-coating.pdf,ok,MAI;PbI2,DMF,0.04 M;0.2 M;0.8 M,12:147
,[],[],,,[],,,,high,"Text describes quantum dot (QD) patterning with ligand crosslinkers, not perovskite ink formulations",C:\Users\inkjet\perovskite_ink_scraper\pdfs\2020_10.1038s41467-020-16652-4_High-resolution_patterning_of_colloidal_quantum_dots_via_non-destructive_light-driven_ligand_crosslinking.pdf,ok,,,,11:2874
FAPbI3,"['PbI2', 'FAI', 'MABr', 'MACl']","['DMF', 'DMSO']",4:1,1.4,"['MABr', 'MACl']",50,30min,,high,Two-step sequential deposition method; MABr and MACl appear to be additives for film formation rather than part of final perovskite structure,C:\Users\inkjet\perovskite_ink_scraper\pdfs\2018_10.1038s41467-018-04029-7_Perovskite_seeding_growth_of_formamidinium-lead-iodide-based_perovskites_for_efficient_and_stable_solar_cells.pdf,ok,FAI;MABr;MACl;PbI2,DMF;DMSO;IPA,1.4 M,4:1
CsPbI3,"['CsI', 'PbI2']","['DMF', 'DMSO']",4:1,0.8,[],,,,high,CsI and PbI2 in 1:1 molar ratio dissolved in DMF:DMSO,C:\Users\inkjet\perovskite_ink_scraper\pdfs\2018_10.1038s41467-018-04636-4_Solvent-controlled_growth_of_inorganic_perovskite_films_in_dry_environment_for_efficient_and_stable_solar_cel.pdf,ok,CsBr;CsI;PbBr2;PbI2,DMF;DMSO;isopropanol,0.15 M;0.4 M;0.8 M;0.85 M,1:1;4:1;9:2225;v/v
,"['MABr', 'CsI', 'MAI']",['DMF'],,,[],,,,low,"Text discusses FAMACs perovskite inks and aging effects with additive restoration, but lacks specific formulation details. Only mentions DMF-based inks and precursor additions to aged ink.",C:\Users\inkjet\perovskite_ink_scraper\pdfs\2018_10.1021acsenergylett.8b00305_Degradation_of_Highly_Alloyed_Metal_Halide_Perovskite_Precursor_Inks_Mechanism_and_Storage_Solutions.pdf,ok,CsI;FAI;MABr;MAI;PbBr2;PbI2,DMF;DMSO,,
,[],[],,,[],,,,low,Text mentions organometal halide perovskites for PVs and high-throughput synthesis but contains no specific ink formulation details,C:\Users\inkjet\perovskite_ink_scraper\pdfs\2018_10.1038s41578-018-0005-z_Accelerating_the_discovery_of_materials_for_clean_energy_in_the_era_of_smart_automation.pdf,ok,,,,
,"['PbBr2', 'CsBr', 'MABr', 'PEABr', 'IPABr']",['DMSO'],,,[],,2h,,medium,"Specific quantities and ratios of precursors not provided, appears to be quasi-2D perovskite with mixed organic cations",C:\Users\inkjet\perovskite_ink_scraper\pdfs\2018_10.1038s41467-018-05909-8_Color-stable_highly_luminescent_sky-blue_perovskite_light-emitting_diodes.pdf,ok,CsBr;MABr;PEABr;PbBr2,DMSO;IPA,0.5 M,
,,['ACN'],,1.5,['HCl'],,,,low,"Text mentions ACN-based inks with 1.5M concentration and HCl additions at 20 μL/mL, but perovskite composition and precursors not specified",C:\Users\inkjet\perovskite_ink_scraper\pdfs\2019_10.1039c9ra06631d_Acetonitrile_based_single_step_slot-die_compatible_perovskite_ink_for_flexible_photovoltaics.pdf,ok,,ACN;DMF;DMSO;NMP;acetonitrile,1 M;1.5 M;2 mm;5 mm,3:11
MAPbBr3,"['MABr', 'PbBr2']",['DMF'],,1,[],110,overnight,,high,Multiple perovskite crystals described; extracted MAPbBr3 as the first complete formulation with clear synthesis details,C:\Users\inkjet\perovskite_ink_scraper\pdfs\2016_10.1038srep37254_X-ray_Scintillation_in_Lead_Halide_Perovskite_Crystals.pdf,ok,MABr;MAI;PbBr2;PbCl2;PbI2,DMF;DMSO;ethanol;methanol,1 M,1:1
,[],[],,,[],,,,high,"Text is about metasurfaces and metamaterials, contains no perovskite ink formulation information",C:\Users\inkjet\perovskite_ink_scraper\pdfs\2021_10.3389fphy.2020.586087_A_Review_on_Metasurface_From_Principle_to_Smart_Metadevices.pdf,ok,,,,
CsPbI3,"['CsI', 'PbI2']","['DMF', 'DMSO']",1:1,0.8,['PVP'],90,1h,,high,"PVP was first dissolved in solvents, then perovskite precursors added to this solution",C:\Users\inkjet\perovskite_ink_scraper\pdfs\2018_10.1038s41467-018-03169-0_Surface_passivation_engineering_strategy_to_fully-inorganic_cubic_CsPbI3_perovskites_for_high-performance_sol.pdf,ok,CsI;PbI2,DMF;DMSO,0.8 M,1:1;9:1076
Cs0.8Pb(I0.8Br0.2)3,"['PbI2', 'CsI', 'CsBr']","['DMF', 'DMSO']",,,[],,,,medium,"Text cuts off mid-sentence. Inferred perovskite formula from stoichiometry: 1.0 mmol PbI2, 0.8 mmol CsI, 0.2 mmol CsBr. Missing CsI amount and solution concentration details.",C:\Users\inkjet\perovskite_ink_scraper\pdfs\2020_10.1038s41467-019-13909-5_Highly_efficient_all-inorganic_perovskite_solar_cells_with_suppressed_non-radiative_recombination_by_a_Lewis_.pdf,ok,CsBr;CsI;PbI2,DMF;DMSO,,
MAPbI3,"['PbI2', 'MAI']",['DMF'],,1,"['MHP', 'F4TCNQ', 'MACl']",,,,high,"MHP (0.075-0.300 wt%), F4TCNQ (0.01-0.05 wt%), MACl (0.5 wt%) used as additives; F4TCNQ dissolved separately in DMF then added",C:\Users\inkjet\perovskite_ink_scraper\pdfs\2018_10.1038s41467-018-04028-8_Molecular_doping_enabled_scalable_blading_of_efficient_hole-transport-layer-free_perovskite_solar_cells.pdf,ok,MACl;MAI;PbI2,DMF;DMSO;acetonitrile;isopropanol,1 M,
MAPbI3,"['CH3NH3I', 'PbCl2']",['DMF'],,,['PEG'],60,12h,,medium,Concentration given as 430/250 mg/ml but unclear which refers to which precursor; PEG added as additive at 40 mg/ml,C:\Users\inkjet\perovskite_ink_scraper\pdfs\2016_10.1038ncomms10228_A_polymer_scaffold_for_self-healing_perovskite_solar_cells.pdf,ok,MAI;PbCl2;PbI2,DMSO;ethanol;methanol,,1:1;1:20;3:1;7:10228
Cs3Bi2I9,"['CsI', 'BiI3']","['DMF', 'DMSO']",7:3,0.6,[],,24h,0.8,high,"Room temperature mixing for 24h, then heated to 80°C for crystal growth",C:\Users\inkjet\perovskite_ink_scraper\pdfs\2020_10.1038s41467-020-16034-w_Nucleation-controlled_growth_of_superior_lead-free_perovskite_Cs3Bi2I9_single-crystals_for_high-performance_X.pdf,ok,CsI,DMF;DMSO,0.6 M,3:2;7:3
(R- or S-α-PEA)PbI3,"['(R-α-PEA)PbI3 single crystal', '(S-α-PEA)PbI3 single crystal']",['DMF'],,0.3,[],,,,high,Chiral perovskite using pre-synthesized single crystal as precursor; racemic version made by 1:1 mixing of R and S variants,C:\Users\inkjet\perovskite_ink_scraper\pdfs\2019_10.1038s41467-019-09942-z_Circularly_polarized_light_detection_using_chiral_hybrid_perovskite.pdf,ok,FABr;PbI2,DMF;ethanol,0.3 mol L-1;1 mm,1:1
CsPbI3,"['HPbI3+x', 'CsI']","['DMF', 'DMSO']",9:1,,['PEAI'],,24h,,high,HPbI3+x is an unusual precursor notation; PEAI added as 100 mg/ml in DMF solution,C:\Users\inkjet\perovskite_ink_scraper\pdfs\2018_10.1038s41467-018-06915-6_All-inorganic_cesium_lead_iodide_perovskite_solar_cells_with_stabilized_efficiency_beyond_15.pdf,ok,CsI;PEAI,DMF;DMSO;acetonitrile,,9:1;9:4544;v/v
(PEA)0.2(FA)0.8SnI3,"['PEAI', 'FAI', 'SnI2', 'SnF2']","['DMF', 'DMSO']",4:1,0.8,[],70,1h,0.2,high,Tin-based perovskite with 2D spacer cation PEA; molar ratio PEAI:FAI:SnI2:SnF2 = 0.2:0.8:1:0.1,C:\Users\inkjet\perovskite_ink_scraper\pdfs\2021_10.1038s41467-021-22864-z_Degradation_mechanism_of_hybrid_tin-based_perovskite_solar_cells_and_the_critical_role_of_tin_IV_iodide.pdf,ok,FAI;PEAI;SnI2,DMF;DMSO;ethanol;isopropanol,0.8 M,0.2:0.8;12:2853;1: 1000;1: 4;1:0.1;2: 5000;4:1;v/v
,[],[],,,[],,,,low,No perovskite ink formulation found in text - describes BTR organic compound characterization only,C:\Users\inkjet\perovskite_ink_scraper\pdfs\2015_10.1038ncomms7013_A_molecular_nematic_liquid_crystalline_material_for_high-performance_organic_photovoltaics.pdf,ok,,,0.05 mm;0.326 mm;0.5 mm;100 mm,
CsPbClxBr3-x,"['CsCl', 'CsBr', 'PbBr2']",['DMSO'],,0.2,['PEABr'],,12h,,high,Pb2+ concentration specified as 0.2 M; PEABr added as x% molar ratio to PbBr2 for quasi-2D structure,C:\Users\inkjet\perovskite_ink_scraper\pdfs\2019_10.1038s41467-019-09011-5_Modulation_of_recombination_zone_position_for_quasi-two-dimensional_blue_perovskite_light-emitting_diodes_wit.pdf,ok,CsBr;PEABr;PbBr2,DMSO,0.2 M,
,[],[],,,[],,,,high,"Text discusses OLED fabrication and transparent conductive electrodes, not perovskite inks",C:\Users\inkjet\perovskite_ink_scraper\pdfs\2019_10.1039c9qm00716d_Recent_advances_in_organic_light-emitting_diodes_toward_smart_lighting_and_displays.pdf,ok,,,,3:11
CsPbBr3,"['CsBr', 'PbBr2']",['DMSO'],,0.25,"['PEACl', 'YCl3']",,,,high,Main perovskite is CsPbBr3 at 0.25 M; PEACl and YCl3 are added as separate solutions to form mixed dimensional structure,C:\Users\inkjet\perovskite_ink_scraper\pdfs\2019_10.1038s41467-019-13580-w_Efficient_sky-blue_perovskite_light-emitting_diodes_via_photoluminescence_enhancement.pdf,ok,CsBr;PbBr2,DMSO,0.25 M;1 M;1 mm,10:5633;1:1;1:2
Cs1.2FA0.3PbBr3-xClx,"['CsBr', 'FABr', 'PbBr2', 'PbCl2']",['DMSO'],,0.09-0.15,['TTDDA'],80,4h,,high,Variable Cl content (30-57%) with corresponding Pb2+ concentrations from 0.09-0.15 M; molar ratio CsBr:FABr:PbBr2:PbCl2:TTDDA = 1.2:0.3:x:y:0.1 where x+y=1,C:\Users\inkjet\perovskite_ink_scraper\pdfs\2021_10.1038s41467-020-20582-6_Mixed_halide_perovskites_for_spectrally_stable_and_high-efficiency_blue_light-emitting_diodes.pdf,ok,CsBr;FABr;PEABr;PbBr2;PbCl2,DMSO,0.09 M;0.11 M;0.13 M;0.15 M,0.4:0.6;0.9:1.1;1.2: 0.3;1: 3.5
,[],[],,,[],,,,low,Text discusses inkjet printing methods but contains no specific perovskite ink formulation details,C:\Users\inkjet\perovskite_ink_scraper\pdfs\2020_10.1039d0cy00040j_Recent_advances_and_prospects_of_inkjet_printing_in_heterogeneous_catalysis.pdf,ok,,,,3:12
,"['MABr', 'MACl']",[],,2.25,[],,,,low,Text appears incomplete and fragmented. Only MABr and MACl precursors identified. Concentration range 1.40-2.25 M mentioned for perovskite inks but exact formulation unclear.,C:\Users\inkjet\perovskite_ink_scraper\pdfs\2020_10.1038s41467-020-18940-5_Roll-to-roll_gravure-printed_flexible_perovskite_solar_cells_using_eco-friendly_antisolvent_bathing_with_wide.pdf,ok,MABr;MACl,isopropanol,1.40 M;1.69 M;1.97 M;10 mm;100 m;18 m;2.25 M;3 m;8 m,11:5146
FAPbI3,"['FAPbI3 crystal', 'MACl', 'PbI2']","['DMF', 'DMSO']",4:1,1.56,"['MACl', 'PbI2']",,,,medium,Uses pre-synthesized FAPbI3 crystal with MACl (0.35 equiv) and PbI2 dopant (0.12 mM). FAPbI3 crystal synthesis uses GBL solvent with 0.22 um filter,C:\Users\inkjet\perovskite_ink_scraper\pdfs\2023_10.1038s41560-023-01249-0_Bifunctional_hole-shuttle_molecule_for_improved_interfacial_energy_level_alignment_and_defect_passivation_in_.pdf,ok,PbI2,DMF;DMSO;IPA;ethanol,0.12 mM;0.22 mm;1 M;1.0 M;1.56 M;2 mm,4:1
,[],[],,,[],,,,high,"Text discusses zinc-ion battery electrolytes, not perovskite materials",C:\Users\inkjet\perovskite_ink_scraper\pdfs\2022_10.1007s40820-021-00782-5_Zinc_Anode_for_Mild_Aqueous_Zinc-Ion_Batteries_Challenges_Strategies_and_Perspectives.pdf,ok,,,1M,14:42
,,,,,,,,,,,C:\Users\inkjet\perovskite_ink_scraper\pdfs\2019_10.1038s41524-019-0173-4_New_frontiers_for_the_materials_genome_initiative.pdf,error: Expecting value: line 1 column 1 (char 0),,,,
MA1-xGuaxPbI3,"['MAI', 'GuaI', 'PbI2']",['DMSO'],,1.25,[],,,,high,"Variable composition with MAI/GuaI ratio changing from 1:0 to 0:1, PbI2 molarity kept at 1.25 M",C:\Users\inkjet\perovskite_ink_scraper\pdfs\2017_10.1038s41560-017-0054-3_Large_guanidinium_cation_mixed_with_methylammonium_in_lead_iodide_perovskites_for_19_efficient_solar_cells.pdf,ok,MAI;PbI2,DMSO;acetonitrile;ethanol;isopropanol,5 mm,0:1;1:0;1:8;v/v
,[],[],,,[],,,,high,"Text describes dye-sensitized solar cells (DSCs) with I/I3- electrolyte, not halide perovskite materials",C:\Users\inkjet\perovskite_ink_scraper\pdfs\2021_10.1039d0cs01336f_Dye-sensitized_solar_cells_strike_back.pdf,ok,,,000 M;5.0 mm,2.5 : 1;3:12
,[],[],,,[],,,,low,Text contains biographical information and general research descriptions but no specific perovskite ink formulation details,C:\Users\inkjet\perovskite_ink_scraper\pdfs\2021_10.1039c9cs00757a_Printed_aerogels_chemistry_processing_and_applications.pdf,ok,,,,3:12
,[],[],,,[],,,,high,"No perovskite ink formulation found in text - discusses organic field-effect transistors, metal nanowires, and rollable displays",C:\Users\inkjet\perovskite_ink_scraper\pdfs\2022_10.1038s41528-022-00133-3_Advances_in_flexible_organic_field-effect_transistors_and_their_applications_for_flexible_electronics.pdf,ok,,,,v/v
MAPbI3,"['PbI2', 'MAI']",['DMF'],,,"['HI', 'HPA', 'HCOOH', 'HCl']",,,,medium,Text discusses various acid additives and mentions FA0.83MA0.17 composition but main focus appears to be on MAPbI3 system. Limited quantitative formulation details provided.,C:\Users\inkjet\perovskite_ink_scraper\pdfs\2018_10.1038s41528-018-0035-z_Defects_engineering_for_high-performance_perovskite_solar_cells.pdf,ok,MAI;PbI2,DMF,,
PEA2(CsPbBr3)n-1PbBr4,,"['DMSO', 'DMF', 'NMP']",,,['YCl3'],,,,low,Text discusses general strategies and multiple systems but lacks specific ink formulation details. YCl3 additive mentioned at 2% but unclear if wt% or mol%,C:\Users\inkjet\perovskite_ink_scraper\pdfs\2021_10.1038s41377-021-00501-0_High-performance_quasi-2D_perovskite_light-emitting_diodes_from_materials_to_devices.pdf,ok,,DMF;DMSO;NMP,,10:61
MAPbI3,"['PbI2', 'MAI']","['DMF', 'GBL', 'DMSO']",,,['MABr'],,,,medium,Text mentions precursor solution of PbI2 and MAI in DMF or GBL/DMSO but no specific concentrations given. MABr used as post-treatment at 2 mg/mL,C:\Users\inkjet\perovskite_ink_scraper\pdfs\2016_10.1038ncomms12305_Facile_fabrication_of_large-grain_CH3NH3PbI3xBrx_films_for_high-efficiency_solar_cells_via_CH3NH3Br-selective_Ostwal.pdf,ok,MABr;MAI;PbI2,DMSO;IPA,,7:12305
,,,,,,,,,low,Text discusses general SDL methodology and applications but contains no specific perovskite ink formulation data,C:\Users\inkjet\perovskite_ink_scraper\pdfs\2023_10.1038s44160-022-00231-0_The_rise_of_self-driving_labs_in_chemical_and_materials_sciences.pdf,ok,,,,
,[],[],,,[],,,,high,"Text describes bismuth-based compounds (BiVO4, BiPO4, Bi2Te3, BiOCl, BiFeO3) but no halide perovskite materials",C:\Users\inkjet\perovskite_ink_scraper\pdfs\2020_10.1039c9cs00283a_The_versatile_biomedical_applications_of_bismuth-based_nanoparticles_and_composites_therapeutic_diagnostic_biosensing.pdf,ok,,2-methoxyethanol;DMF;ethanol;methoxyethanol,12 mm;6 mm,2 : 1;3:12;v/v
CsPbBr3,"['CsTFA', 'PbBr2', 'CsBr']",['DMSO'],,,[],,,,low,"Text discusses CsTFA-derived vs CsBr-derived films but lacks specific concentration, preparation details. CsTFA•PbBr2•DMSO complex formation mentioned.",C:\Users\inkjet\perovskite_ink_scraper\pdfs\2019_10.1038s41467-019-08425-5_Trifluoroacetate_induced_small-grained_CsPbBr3_perovskite_films_result_in_efficient_and_stable_light-emitting.pdf,ok,CsBr;PbBr2,DMSO,,10:665
,['Pb-MOF'],"['DMSO', 'ethanol', 'ethylene glycol']",,,[],,,,low,"This describes a Pb-MOF precursor ink for security printing, not a traditional halide perovskite ink. The system converts to perovskite NCs after printing but formulation details are minimal.",C:\Users\inkjet\perovskite_ink_scraper\pdfs\2017_10.1038s41467-017-01248-2_Conversion_of_invisible_metal-organic_frameworks_to_luminescent_perovskite_nanocrystals_for_confidential_info.pdf,ok,MABr,DMSO;ethanol,,8: 1138
Cs0.1FA0.9PbI3,"['FAI', 'CsI', 'PbI2']",['DMF'],,0.115,['TTDDA'],,,,high,Concentration given as 0.115 M based on PbI2; stoichiometry ratio (0.1CsI + 0.9FAI):PbI2 = x where x = 1.0-3.0; TTDDA additive at 17.2 mM,C:\Users\inkjet\perovskite_ink_scraper\pdfs\2019_10.1038s41467-019-10612-3_Unveiling_the_synergistic_effect_of_precursor_stoichiometry_and_interfacial_reactions_for_perovskite_light-em.pdf,ok,CsI;FAI;MAI;PbI2,DMF,0.115 M;0.15 M;17.2 mM,2.5:1
,"['RbBr', 'CsBr', 'PbBr2', 'PEABr']",['DMSO'],,,,,,0.45,low,Text mentions RbBr-rich perovskite with n=3 but exact stoichiometry unclear; concentration and mixing conditions not specified,C:\Users\inkjet\perovskite_ink_scraper\pdfs\2019_10.1038s41467-019-09794-7_Spectra_stable_blue_perovskite_light-emitting_diodes.pdf,ok,CsBr;PEABr;PbBr2,DMSO,,
,[],[],,,[],,,,high,"Text discusses PEMWE (proton exchange membrane water electrolysis) and MEA fabrication, not perovskite materials or inks",C:\Users\inkjet\perovskite_ink_scraper\pdfs\2022_10.26599nre.2022.9120032_Status_and_perspectives_of_key_materials_for_PEM_electrolyzer.pdf,ok,,,,
,,,,,,,,,high,"Text discusses nickel sulfide catalysts for hydrogen evolution reactions, not perovskite materials",C:\Users\inkjet\perovskite_ink_scraper\pdfs\2018_10.1007s41918-018-0014-z_Recent_Progresses_in_Electrocatalysts_for_Water_Electrolysis.pdf,ok,,,,1:483
MAPbI3-xClx,"['Pb(NO3)2', 'MAI', 'MACl']","['ethanol', 'water', 'isopropanol']",2:1,0.1,['MACl'],,,,high,"Sequential deposition method: Pb(NO3)2 in EtOH/water, then MAI/MACl in IPA. MACl concentrations varied (0.045-0.090 M)",C:\Users\inkjet\perovskite_ink_scraper\pdfs\2020_10.1039d0ra06074g_Facile_all-dip-coating_deposition_of_highly_efficient_CHsub3subsub3subNPbIsub3xsubClsubxsub_perovskite_materials_from.pdf,ok,MACl;MAI,IPA;acetonitrile;ethanol;isopropanol,0.090 M;0.1 M;10 m,2 : 1;3:12;v/v
(C4H9NH3)2PbBr4,,,,,,,,,low,Text describes drop casting of very dilute precursor solution but does not provide specific ink formulation details. Only mentions (C4H9NH3)2PbBr4 2D perovskite preparation method without precursor or solvent specifics.,C:\Users\inkjet\perovskite_ink_scraper\pdfs\2016_10.1038am.2016.167_Colloidal_lead_halide_perovskite_nanocrystals_synthesis_optical_properties_and_applications.pdf,ok,,,,
,[],[],,,[],,,,high,"This text describes organic solar cell (OSC) fabrication with polymer materials PM6 and BTP-eC9, not perovskite materials",C:\Users\inkjet\perovskite_ink_scraper\pdfs\2021_10.1038s41467-021-25148-8_Graded_bulk-heterojunction_enables_17_binary_organic_solar_cells_via_nonhalogenated_open_air_coating.pdf,ok,,isopropanol,,12:4815;1:1.2
MAPbI3,"['PbI2', 'MAI']","['DMF', 'IPA']",,,[],,,,medium,"Sequential deposition method described - PbI2 in DMF, then MAI in iso-propanol. Limited concentration details provided.",C:\Users\inkjet\perovskite_ink_scraper\pdfs\2017_10.1039c7ee01674c_Impact_of_Hsub2subO_on_organicinorganic_hybrid_perovskite_solar_cells.pdf,ok,MAI;PbI2,DMF,,3:13
CsPbBr3,"['CsBr', 'PbBr2']","['H2O', 'DMF']",,1.0,"['oleic acid', 'n-octylamine']",,,,medium,Calculated molarity from CsBr: 2.0 mmol in 2.0 mL = 1.0 M; this is a nanocrystal synthesis with anti-solvent precipitation method,C:\Users\inkjet\perovskite_ink_scraper\pdfs\2019_10.1038s41467-019-10634-x_Lead_halide_perovskites_for_photocatalytic_organic_synthesis.pdf,ok,CsBr;PbBr2,DMF,,
,[],[],,,[],,,,high,"Text describes NiO precursor ink for organic solar cells, not perovskite ink formulation",C:\Users\inkjet\perovskite_ink_scraper\pdfs\2017_10.1038s41598-017-01897-9_Inkjet_printing_of_NiO_films_and_integration_as_hole_transporting_layers_in_polymer_solar_cells.pdf,ok,,ethanol,0.44 M,7: 1775
BA2Csn-1PbnBr3n+1,"['CsBr', 'PbBr2', 'BABr']",['DMSO'],,,"['CsMeS', 'PEO']",,,,medium,Quasi-2D perovskite with variable n value; CsMeS ratio defined as molar ratio to PbBr2 (x%-MeS); specific concentrations not provided,C:\Users\inkjet\perovskite_ink_scraper\pdfs\2021_10.1038s41467-021-21522-8_Smoothing_the_energy_transfer_pathway_in_quasi-2D_perovskite_films_using_methanesulfonate_leads_to_highly_eff.pdf,ok,CsBr;PbBr2,DMSO,,12:1246;1:1.2;4:6
,[],[],,,[],,,,high,Text discusses III-V solar cells and tandem technologies but contains no perovskite ink formulation information,C:\Users\inkjet\perovskite_ink_scraper\pdfs\2020_10.10881361-6463ab9c6a_The_2020_photovoltaic_technologies_roadmap.pdf,ok,,,,
,,,,,,,,,high,"Text discusses graphene oxide materials and flexible electronics, not perovskite ink formulations",C:\Users\inkjet\perovskite_ink_scraper\pdfs\2019_10.3389fphy.2018.00149_Graphene_Oxide_and_Derivatives_The_Place_in_Graphene_Family.pdf,ok,,NMP,,106:041901;113:15801;113:9921;128:172;12:6640;16:75;27:2731;2:343;4:5245;5:2971;6:3553;8:1834;9:4646
,,,,,,,,,high,"No perovskite ink formulation found - text discusses 2D materials like MoS2, TMDCs, and hBN synthesis",C:\Users\inkjet\perovskite_ink_scraper\pdfs\2020_10.1007s40820-020-0402-x_Two-Dimensional_Materials_in_Large-Areas_Synthesis_Properties_and_Applications.pdf,ok,,,,12:66
,[],[],,,[],,,,high,"Text describes battery electrochemistry and redox flow batteries, contains no perovskite ink formulation information",C:\Users\inkjet\perovskite_ink_scraper\pdfs\2014_10.3389fchem.2014.00079_Emerging_electrochemical_energy_conversion_and_storage_technologies.pdf,ok,,acetonitrile,0.02 M;0.05 M;0.1 M;0.25 M;0.4 M;0.5 M;1 M;1.5 M;2 M;3 M;5 M;6 M,
,[],[],,,[],,,,high,"This text discusses dye-sensitized solar cell (DSSC) electrolytes, not perovskite ink formulations",C:\Users\inkjet\perovskite_ink_scraper\pdfs\2015_10.1039c4cs00456f_Aqueous_dye-sensitized_solar_cells.pdf,ok,,ACN;GBL;NMP,0.10 M;0.20 M;0.30 M;0.50 M;0.58 M;10 mM;16 m;17 m;50 mM;60 mM,35:65
,[],[],,,[],,,,low,"Text appears to be about nanocellulose materials, not perovskite ink formulation",C:\Users\inkjet\perovskite_ink_scraper\pdfs\2022_10.1007s40820-022-00849-x_Cellulose_Nanopaper_Fabrication_Functionalization_and_Applications.pdf,ok,,,,14:104
,[],[],,,[],,,,low,Text describes aerosol jet printing technology but contains no perovskite ink formulation information,C:\Users\inkjet\perovskite_ink_scraper\pdfs\2019_10.1007s00170-019-03438-2_A_review_of_aerosol_jet_printinga_non-traditional_hybrid_process_for_micro-manufacturing.pdf,ok,,,,105:4599
,,,,,,,,,high,"Text describes pulsed laser synthesis of various nanomaterials including ZnO, but contains no perovskite ink formulation information",C:\Users\inkjet\perovskite_ink_scraper\pdfs\2022_10.1038s41377-022-00904-7_Fundamentals_and_comprehensive_insights_on_pulsed_laser_synthesis_of_advanced_materials_for_diverse_photo-_an.pdf,ok,,ethanol,,11:250
,[],[],,,[],,,,low,Text discusses perovskite devices and mentions 'perovskite ink' but provides no specific formulation details,C:\Users\inkjet\perovskite_ink_scraper\pdfs\2023_10.1007s40820-023-01140-3_Advances_in_the_Application_of_Perovskite_Materials.pdf,ok,,,,15:177
CsPbBr3,,,,,,,,,low,Text mentions CsPbBr3 p-CQDs but provides no ink formulation details - only discusses optical properties and lasing thresholds,C:\Users\inkjet\perovskite_ink_scraper\pdfs\2021_10.1038s41578-020-00274-9_Colloidal_quantum_dot_lasers.pdf,ok,,,,
,[],[],,,"['Cu(thiourea)Cl', 'thiosemicarbazide']",,,,low,Text mentions additives Cu(Tu)Cl and thiosemicarbazide for synergistic doping but lacks complete perovskite ink formulation details,C:\Users\inkjet\perovskite_ink_scraper\pdfs\2023_10.1039d2ra05903g_Stability_of_perovskite_solar_cells_issues_and_prospects.pdf,ok,,,1 mm,
,[],[],,,[],,,,low,Text describes device fabrication but does not contain perovskite ink formulation details,C:\Users\inkjet\perovskite_ink_scraper\pdfs\2020_10.1038s41467-020-16831-3_Bio-inspired_vertebral_design_for_scalable_and_flexible_perovskite_solar_cells.pdf,ok,PbBr2;PbI2,DMF;DMSO;ethanol,10 mm;3 mm,11:3016
MAPbI3,"['MAI', 'PbI2']","['DMF', 'DMSO', 'GBL']",,,"['HI', 'MACl']",,,,medium,"General discussion of MAPbI3 synthesis methods, mentions PbCl2 method and solvent dripping technique but no specific concentrations given",C:\Users\inkjet\perovskite_ink_scraper\pdfs\2016_10.1039c6ee01137c_Progress_challenges_and_perspectives_in_flexible_perovskite_solar_cells.pdf,ok,PbCl2;PbI2,DMF;DMSO;GBL,,
MASnI3,"['SnI2', 'MAI']","['DMF', 'NMP', 'GBL', 'DMSO']",,,[],,,,medium,"MAI concentration given as 6-40 mg/mL, molecular weight needed for molarity conversion. Multiple solvents mentioned for MASnI3 films but specific formulation details limited.",C:\Users\inkjet\perovskite_ink_scraper\pdfs\2021_10.1007s40820-020-00578-z_Lead-Free_Perovskite_Materials_for_Solar_Cells.pdf,ok,MAI;PEAI;SnI2,DMF;DMSO;GBL;NMP,,13:62
,,,,,,,,,low,"Text is cut off mid-sentence during perovskite fabrication section. Only mentions precursor concentrations of 1.4M, 1.7M, 2.0M without specifying composition or solvents.",C:\Users\inkjet\perovskite_ink_scraper\pdfs\2020_10.1038s41467-020-15077-3_Enhanced_optical_path_and_electron_diffusion_length_enable_high-efficiency_perovskite_tandems.pdf,ok,CsI;FAI;MABr;PbBr2;PbI2,DMF;DMSO,0.02 M;0.04 M;0.1 M;1.4 M;1.7 M;2.0 M,11:1257;1:4;1:6;4:1;96:4
,[],[],,,[],,,,high,"Text describes Ir catalyst ink formulation for electrochemical analysis, not perovskite ink",C:\Users\inkjet\perovskite_ink_scraper\pdfs\2020_10.1038s41467-020-18686-0_Highly_efficient_oxygen_evolution_reaction_via_facile_bubble_transport_realized_by_three-dimensionally_stack-.pdf,ok,,,,
,[],[],,,[],,,,high,"This text discusses organic photovoltaics (OPV) with polymer semiconductors and acceptors like PCBM, IDTBR, Y6, and ITIC. No perovskite ink formulation information is present.",C:\Users\inkjet\perovskite_ink_scraper\pdfs\2021_10.10882058-8585abf986_The_2021_flexible_and_printed_electronics_roadmap.pdf,ok,,,1 m;172 mm;40 m;6 m;600 m,
,[],[],,,[],,,,high,"Text discusses dye-sensitized solar cells (DSSCs) and electrolyte formulations, not perovskite inks",C:\Users\inkjet\perovskite_ink_scraper\pdfs\2021_10.1039d1ta00690h_Advanced_research_trends_in_dye-sensitized_solar_cells.pdf,ok,,DMF;DMSO;acetonitrile,0.04 M;0.06 M;0.1 M;0.2 M;0.2 mM;0.5 M;0.6 M,3:13
CsxEA1-xPbBr3,"['CsBr', 'EABr', 'PbBr2']",['DMSO'],,0.1,[],,4h,,high,"Main perovskite is CsxEA1-xPbBr3 with 0.1 M PbBr2 concentration, stirred at room temperature",C:\Users\inkjet\perovskite_ink_scraper\pdfs\2020_10.1038s41467-020-17943-6_Large_cation_ethylammonium_incorporated_perovskite_for_efficient_and_spectra_stable_blue_light-emitting_diode.pdf,ok,CsBr;PEABr;PbBr2,DMSO,0.1 M,1:2;2:1;3:1
Cs0.05(FA0.83MA0.17)0.95Pb(I0.9Br0.1)3,"['FAI', 'MAI', 'PbI2', 'PbBr2', 'CsI']","['DMF', 'DMSO']",4:1,,[],,,,high,"Total concentration given as 43.3 wt%, individual precursor molarities listed (0.948 M FAI, 0.192 M MAI, 1.02 M PbI2, 0.18 M PbBr2, 0.06 M CsI)",C:\Users\inkjet\perovskite_ink_scraper\pdfs\2018_10.1039c8ee01136b_Fractional_deviations_in_precursor_stoichiometry_dictate_the_properties_performance_and_stability_of_perovskite_photo.pdf,ok,CsI;FAI;MAI;PbBr2;PbI2,DMF;DMSO,0.06 M;0.18 M;0.192 M;0.948 M;1.02 M,1 : 0.95;4 : 1;v/v
