title,year,doi,openalex_id,cited_by,is_oa,pdf_url,landing_url,venue,doi_key,title_norm,citation_score,recency_score,kw_score_raw,kw_score,gold_probability,cluster3_probability,ml_match_gold,ml_match_cluster,ml_score_gold,ml_score_cluster3,ml_score_total,final_score
Universal passivation strategy to slot-die printed SnO2 for hysteresis-free efficient flexible perovskite solar module,2018,10.1038/s41467-018-07099-9,https://openalex.org/W2898941509,804,True,https://www.nature.com/articles/s41467-018-07099-9.pdf,https://doi.org/10.1038/s41467-018-07099-9,Nature Communications,10.1038s41467-018-07099-9,universal passivation strategy to slot die printed sno2 for hysteresis free efficient flexible perovskite solar module,33.45421138709282,0.3,4.0,8.0,0.8494148114777279,0.5997817297307071,doi_key,doi_key,10.192977737732734,4.798253837845657,14.991231575578391,56.745442962671206
High-quality bulk hybrid perovskite single crystals within minutes by inverse temperature crystallization,2015,10.1038/ncomms8586,https://openalex.org/W773815729,1843,True,https://www.nature.com/articles/ncomms8586.pdf,https://doi.org/10.1038/ncomms8586,Nature Communications,10.1038ncomms8586,high quality bulk hybrid perovskite single crystals within minutes by inverse temperature crystallization,37.598462020582694,0.0,0.0,0.0,0.933334316787544,0.6139142510137815,doi_key,doi_key,11.200011801450527,4.911314008110252,16.11132580956078,53.70978783014347
High efficiency planar-type perovskite solar cells with negligible hysteresis using EDTA-complexed SnO2,2018,10.1038/s41467-018-05760-x,https://openalex.org/W2885088646,1367,True,https://www.nature.com/articles/s41467-018-05760-x.pdf,https://doi.org/10.1038/s41467-018-05760-x,Nature Communications,10.1038s41467-018-05760-x,high efficiency planar type perovskite solar cells with negligible hysteresis using edta complexed sno2,36.10552549091248,0.3,0.0,0.0,0.9190039118722528,0.7158787835337609,doi_key,doi_key,11.028046942467034,5.727030268270087,16.75507721073712,53.160602701649594
Strain engineering in perovskite solar cells and its impacts on carrier dynamics,2019,10.1038/s41467-019-08507-4,https://openalex.org/W2912153941,974,True,https://www.nature.com/articles/s41467-019-08507-4.pdf,https://doi.org/10.1038/s41467-019-08507-4,Nature Communications,10.1038s41467-019-08507-4,strain engineering in perovskite solar cells and its impacts on carrier dynamics,34.412187354989236,0.4,0.0,0.0,0.8757661224446602,0.9466359715292468,doi_key,doi_key,10.509193469335923,7.573087772233975,18.0822812415699,52.894468596559136
Efficient green light-emitting diodes based on quasi-two-dimensional composition and phase engineered perovskite with surface passivation,2018,10.1038/s41467-018-02978-7,https://openalex.org/W2800279715,979,True,https://www.nature.com/articles/s41467-018-02978-7.pdf,https://doi.org/10.1038/s41467-018-02978-7,Nature Communications,10.1038s41467-018-02978-7,efficient green light emitting diodes based on quasi two dimensional composition and phase engineered perovskite with surface passivation,34.43776285832308,0.3,0.0,0.0,0.841715353819972,0.4616309090797399,doi_key,doi_key,10.100584245839663,3.6930472726379193,13.793631518477582,48.53139437680066
Van der Waals integration before and beyond two-dimensional materials,2019,10.1038/s41586-019-1013-x,https://openalex.org/W2925217409,1442,True,https://www.nature.com/articles/s41586-019-1013-x.pdf,https://doi.org/10.1038/s41586-019-1013-x,Nature,10.1038s41586-019-1013-x,van der waals integration before and beyond two dimensional materials,36.372397793869354,0.4,0.0,0.0,0.7039203103013224,0.3961525551126144,doi_key,doi_key,8.447043723615868,3.169220440900915,11.616264164516783,48.38866195838614
Molecular doping enabled scalable blading of efficient hole-transport-layer-free perovskite solar cells,2018,10.1038/s41467-018-04028-8,https://openalex.org/W4239574994,413,True,https://www.nature.com/articles/s41467-018-04028-8.pdf,https://doi.org/10.1038/s41467-018-04028-8,Nature Communications,10.1038s41467-018-04028-8,molecular doping enabled scalable blading of efficient hole transport layer free perovskite solar cells,30.129329869126572,0.3,1.0,2.0,0.6776668015352727,0.93611032512888,doi_key,doi_key,8.132001618423272,7.48888260103104,15.620884219454313,48.05021408858089
Perovskite-polymer composite cross-linker approach for highly-stable and efficient perovskite solar cells,2019,10.1038/s41467-019-08455-z,https://openalex.org/W2914692117,562,True,https://www.nature.com/articles/s41467-019-08455-z.pdf,https://doi.org/10.1038/s41467-019-08455-z,Nature Communications,10.1038s41467-019-08455-z,perovskite polymer composite cross linker approach for highly stable and efficient perovskite solar cells,31.666398140698455,0.4,2.0,4.0,0.7480234726291148,0.3418198309274644,doi_key,doi_key,8.976281671549378,2.734558647419715,11.710840318969094,47.777238459667544
Understanding how excess lead iodide precursor improves halide perovskite solar cell performance,2018,10.1038/s41467-018-05583-w,https://openalex.org/W2886506777,369,True,https://www.nature.com/articles/s41467-018-05583-w.pdf,https://doi.org/10.1038/s41467-018-05583-w,Nature Communications,10.1038s41467-018-05583-w,understanding how excess lead iodide precursor improves halide perovskite solar cell performance,29.567515028191348,0.3,2.0,4.0,0.7424528169788642,0.5977419760883437,doi_key,doi_key,8.90943380374637,4.781935808706749,13.69136961245312,47.558884640644465
Highly efficient planar perovskite solar cells through band alignment engineering,2015,10.1039/c5ee02608c,https://openalex.org/W1941396097,1234,True,https://pubs.rsc.org/en/content/articlepdf/2015/ee/c5ee02608c,https://doi.org/10.1039/c5ee02608c,Energy & Environmental Science,10.1039c5ee02608c,highly efficient planar perovskite solar cells through band alignment engineering,35.59413124531039,0.0,0.0,0.0,0.7701632096658392,0.2473257990348657,doi_key,doi_key,9.24195851599007,1.9786063922789257,11.220564908268996,46.81469615357939
Ultra-bright and highly efficient inorganic based perovskite light-emitting diodes,2017,10.1038/ncomms15640,https://openalex.org/W2623955189,843,True,https://www.nature.com/articles/ncomms15640.pdf,https://doi.org/10.1038/ncomms15640,Nature Communications,10.1038ncomms15640,ultra bright and highly efficient inorganic based perovskite light emitting diodes,33.690762472979785,0.2,0.0,0.0,0.8369087449774621,0.3466441710992632,doi_key,doi_key,10.042904939729546,2.7731533687941057,12.816058308523651,46.70682078150344
A polymer scaffold for self-healing perovskite solar cells,2016,10.1038/ncomms10228,https://openalex.org/W2397919288,658,True,https://www.nature.com/articles/ncomms10228.pdf,https://doi.org/10.1038/ncomms10228,Nature Communications,10.1038ncomms10228,a polymer scaffold for self healing perovskite solar cells,32.453617672512536,0.1,0.0,0.0,0.7852810841931415,0.5100566100785604,doi_key,doi_key,9.423373010317697,4.080452880628483,13.50382589094618,46.05744356345872
Perovskite Materials for Light‐Emitting Diodes and Lasers,2016,10.1002/adma.201600669,https://openalex.org/W2396261957,1429,True,https://onlinelibrary.wiley.com/doi/pdfdirect/10.1002/adma.201600669,https://doi.org/10.1002/adma.201600669,Advanced Materials,10.1002adma.201600669,perovskite materials for light emitting diodes and lasers,36.32714861626977,0.1,0.0,0.0,0.662859870144033,0.1337584146978102,doi_key,doi_key,7.954318441728397,1.0700673175824815,9.024385759310878,45.45153437558065
Surface passivation engineering strategy to fully-inorganic cubic CsPbI3 perovskites for high-performance solar cells,2018,10.1038/s41467-018-03169-0,https://openalex.org/W2789697021,656,True,https://www.nature.com/articles/s41467-018-03169-0.pdf,https://doi.org/10.1038/s41467-018-03169-0,Nature Communications,10.1038s41467-018-03169-0,surface passivation engineering strategy to fully inorganic cubic cspbi3 perovskites for high performance solar cells,32.43842009242305,0.3,0.0,0.0,0.7861478332613213,0.3970349884280971,doi_key,doi_key,9.433773999135855,3.1762799074247767,12.610053906560632,45.34847399898368
Color-stable highly luminescent sky-blue perovskite light-emitting diodes,2018,10.1038/s41467-018-05909-8,https://openalex.org/W2888115472,711,True,https://www.nature.com/articles/s41467-018-05909-8.pdf,https://doi.org/10.1038/s41467-018-05909-8,Nature Communications,10.1038s41467-018-05909-8,color stable highly luminescent sky blue perovskite light emitting diodes,32.84038955705988,0.3,0.0,0.0,0.7955712161710041,0.3001475529730011,doi_key,doi_key,9.54685459405205,2.401180423784009,11.948035017836059,45.08842457489594
"Humidity Sensors Principle, Mechanism, and Fabrication Technologies: A Comprehensive Review",2014,10.3390/s140507881,https://openalex.org/W2001086979,1218,True,https://www.mdpi.com/1424-8220/14/5/7881/pdf?version=1403353770,https://doi.org/10.3390/s140507881,Sensors,10.3390s140507881,humidity sensors principle mechanism and fabrication technologies a comprehensive review,35.528930647406355,0.0,0.0,0.0,0.6619444478074218,0.195812988913869,doi_key,doi_key,7.943333373689061,1.566503911310952,9.509837285000014,45.03876793240637
A molecular nematic liquid crystalline material for high-performance organic photovoltaics,2015,10.1038/ncomms7013,https://openalex.org/W2085915663,617,True,https://www.nature.com/articles/ncomms7013.pdf,https://doi.org/10.1038/ncomms7013,Nature Communications,10.1038ncomms7013,a molecular nematic liquid crystalline material for high performance organic photovoltaics,32.132442287288455,0.0,0.0,0.0,0.7567668950929057,0.4719281117011434,doi_key,doi_key,9.081202741114868,3.7754248936091472,12.856627634724015,44.98906992201247
Highly efficient all-inorganic perovskite solar cells with suppressed non-radiative recombination by a Lewis base,2020,10.1038/s41467-019-13909-5,https://openalex.org/W2999691245,632,True,https://www.nature.com/articles/s41467-019-13909-5.pdf,https://doi.org/10.1038/s41467-019-13909-5,Nature Communications,10.1038s41467-019-13909-5,highly efficient all inorganic perovskite solar cells with suppressed non radiative recombination by a lewis base,32.25235211072088,0.5,0.0,0.0,0.778143802678151,0.3478583389693905,doi_key,doi_key,9.337725632137811,2.782866711755124,12.120592343892936,44.872944454613815
Solvent-controlled growth of inorganic perovskite films in dry environment for efficient and stable solar cells,2018,10.1038/s41467-018-04636-4,https://openalex.org/W2806673750,628,True,https://www.nature.com/articles/s41467-018-04636-4.pdf,https://doi.org/10.1038/s41467-018-04636-4,Nature Communications,10.1038s41467-018-04636-4,solvent controlled growth of inorganic perovskite films in dry environment for efficient and stable solar cells,32.22065628350221,0.3,0.0,0.0,0.7796999715120851,0.3668788740956193,doi_key,doi_key,9.356399658145023,2.9350309927649545,12.291430650909977,44.81208693441218
Solution-processed perovskite light emitting diodes with efficiency exceeding 15% through additive-controlled nanostructure tailoring,2018,10.1038/s41467-018-06425-5,https://openalex.org/W2891879216,482,True,https://www.nature.com/articles/s41467-018-06425-5.pdf,https://doi.org/10.1038/s41467-018-06425-5,Nature Communications,10.1038s41467-018-06425-5,solution processed perovskite light emitting diodes with efficiency exceeding 15 through additive controlled nanostructure tailoring,30.90008326826286,0.3,1.0,2.0,0.725318108060538,0.3017453746107885,doi_key,doi_key,8.703817296726456,2.413962996886308,11.117780293612764,44.317863561875626
Sn(IV)-free tin perovskite films realized by in situ Sn(0) nanoparticle treatment of the precursor solution,2020,10.1038/s41467-020-16726-3,https://openalex.org/W3034736206,277,True,https://www.nature.com/articles/s41467-020-16726-3.pdf,https://doi.org/10.1038/s41467-020-16726-3,Nature Communications,10.1038s41467-020-16726-3,sn iv free tin perovskite films realized by in situ sn 0 nanoparticle treatment of the precursor solution,28.138105568453184,0.5,3.0,6.0,0.5674650816478817,0.3442513189709164,doi_key,doi_key,6.80958097977458,2.754010551767331,9.563591531541912,44.201697099995094
End-to-end design of wearable sensors,2022,10.1038/s41578-022-00460-x,https://openalex.org/W4286560842,1034,True,https://www.nature.com/articles/s41578-022-00460-x.pdf,https://doi.org/10.1038/s41578-022-00460-x,Nature Reviews Materials,10.1038s41578-022-00460-x,end to end design of wearable sensors,34.710783528497345,0.7,0.0,0.0,0.6028561286602656,0.1809414785205545,doi_key,doi_key,7.234273543923187,1.447531828164436,8.681805372087624,44.09258890058497
Nucleation-controlled growth of superior lead-free perovskite Cs3Bi2I9 single-crystals for high-performance X-ray detection,2020,10.1038/s41467-020-16034-w,https://openalex.org/W3022329226,495,True,https://www.nature.com/articles/s41467-020-16034-w.pdf,https://doi.org/10.1038/s41467-020-16034-w,Nature Communications,10.1038s41467-020-16034-w,nucleation controlled growth of superior lead free perovskite cs3bi2i9 single crystals for high performance x ray detection,31.03287963362464,0.5,0.0,0.0,0.7396567899793371,0.4509612847067784,doi_key,doi_key,8.875881479752046,3.607690277654227,12.483571757406272,44.01645139103091
Highly stable flexible pressure sensors with a quasi-homogeneous composition and interlinked interfaces,2022,10.1038/s41467-022-29093-y,https://openalex.org/W4221009261,382,True,https://www.nature.com/articles/s41467-022-29093-y.pdf,https://doi.org/10.1038/s41467-022-29093-y,Nature Communications,10.1038s41467-022-29093-y,highly stable flexible pressure sensors with a quasi homogeneous composition and interlinked interfaces,29.740174945903227,0.7,2.0,4.0,0.6181492353895726,0.2390373597324566,doi_key,doi_key,7.417790824674871,1.9122988778596528,9.330089702534524,43.770264648437745
Metal oxide nanoparticles and their applications in nanotechnology,2019,10.1007/s42452-019-0592-3,https://openalex.org/W2944906172,1001,True,https://link.springer.com/content/pdf/10.1007/s42452-019-0592-3.pdf,https://doi.org/10.1007/s42452-019-0592-3,SN Applied Sciences,10.1007s42452-019-0592-3,metal oxide nanoparticles and their applications in nanotechnology,34.54876640822405,0.4,0.0,0.0,0.5951678544607701,0.2097610183933758,doi_key,doi_key,7.142014253529242,1.6780881471470064,8.820102400676248,43.768868808900294
Modulation of recombination zone position for quasi-two-dimensional blue perovskite light-emitting diodes with efficiency exceeding 5%,2019,10.1038/s41467-019-09011-5,https://openalex.org/W2919782722,558,True,https://www.nature.com/articles/s41467-019-09011-5.pdf,https://doi.org/10.1038/s41467-019-09011-5,Nature Communications,10.1038s41467-019-09011-5,modulation of recombination zone position for quasi two dimensional blue perovskite light emitting diodes with efficiency exceeding 5,31.630747365775495,0.4,0.0,0.0,0.7387429408714034,0.355599876301056,doi_key,doi_key,8.86491529045684,2.844799010408448,11.709714300865288,43.74046166664078
Recent progress in metal–organic complexes for optoelectronic applications,2014,10.1039/c3cs60449g,https://openalex.org/W2171635616,1126,True,https://pubs.rsc.org/en/content/articlepdf/2014/cs/c3cs60449g,https://doi.org/10.1039/c3cs60449g,Chemical Society Reviews,10.1039c3cs60449g,recent progress in metal organic complexes for optoelectronic applications,35.13657257019888,0.0,0.0,0.0,0.5913759569185865,0.1663021411288171,doi_key,doi_key,7.096511483023038,1.3304171290305369,8.426928612053574,43.56350118225245
Dipolar cations confer defect tolerance in wide-bandgap metal halide perovskites,2018,10.1038/s41467-018-05531-8,https://openalex.org/W2885341599,298,True,https://www.nature.com/articles/s41467-018-05531-8.pdf,https://doi.org/10.1038/s41467-018-05531-8,Nature Communications,10.1038s41467-018-05531-8,dipolar cations confer defect tolerance in wide bandgap metal halide perovskites,28.502217866953433,0.3,0.0,0.0,0.5933082231739933,0.9311824761610188,doi_key,doi_key,7.11969867808792,7.44945980928815,14.56915848737607,43.371376354329506
Machine learning in materials science,2019,10.1002/inf2.12028,https://openalex.org/W2972418846,944,True,https://onlinelibrary.wiley.com/doi/pdfdirect/10.1002/inf2.12028,https://doi.org/10.1002/inf2.12028,InfoMat,10.1002inf2.12028,machine learning in materials science,34.255924637468716,0.4,0.0,0.0,0.5806238912560295,0.2045303488316982,doi_key,doi_key,6.967486695072354,1.6362427906535857,8.60372948572594,43.25965412319466
Circularly polarized light detection using chiral hybrid perovskite,2019,10.1038/s41467-019-09942-z,https://openalex.org/W2941942848,552,True,https://www.nature.com/articles/s41467-019-09942-z.pdf,https://doi.org/10.1038/s41467-019-09942-z,Nature Communications,10.1038s41467-019-09942-z,circularly polarized light detection using chiral hybrid perovskite,31.576790007611674,0.4,0.0,0.0,0.7329970909223753,0.3102743540962374,doi_key,doi_key,8.795965091068503,2.482194832769899,11.278159923838402,43.25494993145007
Facile fabrication of large-grain CH3NH3PbI3−xBrx films for high-efficiency solar cells via CH3NH3Br-selective Ostwald ripening,2016,10.1038/ncomms12305,https://openalex.org/W2478184717,526,True,https://www.nature.com/articles/ncomms12305.pdf,https://doi.org/10.1038/ncomms12305,Nature Communications,10.1038ncomms12305,facile fabrication of large grain ch3nh3pbi3 xbrx films for high efficiency solar cells via ch3nh3br selective ostwald ripening,31.33600274270681,0.1,0.0,0.0,0.7299257308506669,0.3804843269252003,doi_key,doi_key,8.759108770208003,3.0438746154016023,11.802983385609606,43.23898612831642
Synthetic control over orientational degeneracy of spacer cations enhances solar cell efficiency in two-dimensional perovskites,2019,10.1038/s41467-019-08980-x,https://openalex.org/W2924619706,294,True,https://www.nature.com/articles/s41467-019-08980-x.pdf,https://doi.org/10.1038/s41467-019-08980-x,Nature Communications,10.1038s41467-019-08980-x,synthetic control over orientational degeneracy of spacer cations enhances solar cell efficiency in two dimensional perovskites,28.434876781699103,0.4,0.0,0.0,0.5683748752658734,0.9305934716425304,doi_key,doi_key,6.82049850319048,7.444747773140243,14.265246276330723,43.10012305802982
All-inorganic cesium lead iodide perovskite solar cells with stabilized efficiency beyond 15%,2018,10.1038/s41467-018-06915-6,https://openalex.org/W2898318364,486,True,https://www.nature.com/articles/s41467-018-06915-6.pdf,https://doi.org/10.1038/s41467-018-06915-6,Nature Communications,10.1038s41467-018-06915-6,all inorganic cesium lead iodide perovskite solar cells with stabilized efficiency beyond 15,30.94132061541295,0.3,0.0,0.0,0.7480712958993644,0.3338263241669572,doi_key,doi_key,8.976855550792372,2.6706105933356574,11.64746614412803,42.88878675954098
Degradation mechanism of hybrid tin-based perovskite solar cells and the critical role of tin (IV) iodide,2021,10.1038/s41467-021-22864-z,https://openalex.org/W3160621054,453,True,https://www.nature.com/articles/s41467-021-22864-z.pdf,https://doi.org/10.1038/s41467-021-22864-z,Nature Communications,10.1038s41467-021-22864-z,degradation mechanism of hybrid tin based perovskite solar cells and the critical role of tin iv iodide,30.59048599020674,0.6,0.0,0.0,0.7188608669441144,0.3237937589487177,doi_key,doi_key,8.626330403329373,2.5903500715897416,11.216680474919114,42.407166465125854
Slot-die coating large-area formamidinium-cesium perovskite film for efficient and stable parallel solar module,2021,10.1126/sciadv.abg3749,https://openalex.org/W3159483471,299,True,https://www.science.org/doi/pdf/10.1126/sciadv.abg3749?download=true,https://doi.org/10.1126/sciadv.abg3749,Science Advances,10.1126sciadv.abg3749,slot die coating large area formamidinium cesium perovskite film for efficient and stable parallel solar module,28.518912373281005,0.6,5.0,10.0,0.2443948578453543,0.0431035943993089,doi_key,doi_key,2.9327382941442517,0.3448287551944712,3.277567049338723,42.39647942261973
Inkjet‐Printed Micrometer‐Thick Perovskite Solar Cells with Large Columnar Grains,2019,10.1002/aenm.201903184,https://openalex.org/W2995089958,214,True,https://onlinelibrary.wiley.com/doi/pdfdirect/10.1002/aenm.201903184,https://doi.org/10.1002/aenm.201903184,Advanced Energy Materials,10.1002aenm.201903184,inkjet printed micrometer thick perovskite solar cells with large columnar grains,26.85319014063831,0.4,6.5,13.0,0.1589695415698958,0.0283612936160452,doi_key,doi_key,1.9076344988387495,0.2268903489283616,2.134524847767111,42.38771498840542
A general approach to high-efficiency perovskite solar cells by any antisolvent,2021,10.1038/s41467-021-22049-8,https://openalex.org/W3129036993,417,True,https://www.nature.com/articles/s41467-021-22049-8.pdf,https://doi.org/10.1038/s41467-021-22049-8,Nature Communications,10.1038s41467-021-22049-8,a general approach to high efficiency perovskite solar cells by any antisolvent,30.17740716262378,0.6,0.0,0.0,0.7310862408076881,0.3439271338732445,doi_key,doi_key,8.773034889692259,2.751417070985956,11.524451960678213,42.301859123301995
Conversion of invisible metal-organic frameworks to luminescent perovskite nanocrystals for confidential information encryption and decryption,2017,10.1038/s41467-017-01248-2,https://openalex.org/W2766836967,499,True,https://www.nature.com/articles/s41467-017-01248-2.pdf,https://doi.org/10.1038/s41467-017-01248-2,Nature Communications,10.1038s41467-017-01248-2,conversion of invisible metal organic frameworks to luminescent perovskite nanocrystals for confidential information encryption and decryption,31.073040492110955,0.2,0.0,0.0,0.700529824641328,0.3200119278012762,doi_key,doi_key,8.406357895695935,2.5600954224102095,10.966453318106144,42.2394938102171
Covalent organic frameworks: an ideal platform for designing ordered materials and advanced applications,2020,10.1039/d0cs00620c,https://openalex.org/W3111457036,978,True,https://pubs.rsc.org/en/content/articlepdf/2021/cs/d0cs00620c,https://doi.org/10.1039/d0cs00620c,Chemical Society Reviews,10.1039d0cs00620c,covalent organic frameworks an ideal platform for designing ordered materials and advanced applications,34.432658212652555,0.5,0.0,0.0,0.5343503479799001,0.1113465376781266,doi_key,doi_key,6.412204175758801,0.8907723014250128,7.302976477183814,42.23563468983637
A high-conductivity n-type polymeric ink for printed electronics,2021,10.1038/s41467-021-22528-y,https://openalex.org/W3155455451,241,True,https://www.nature.com/articles/s41467-021-22528-y.pdf,https://doi.org/10.1038/s41467-021-22528-y,Nature Communications,10.1038s41467-021-22528-y,a high conductivity n type polymeric ink for printed electronics,27.444688630783432,0.6,3.5,7.0,0.4739894331389386,0.1710109544698342,doi_key,doi_key,5.687873197667264,1.3680876357586735,7.055960833425937,42.10064946420937
Chiral-perovskite optoelectronics,2020,10.1038/s41578-020-0181-5,https://openalex.org/W3011088795,821,True,https://www.nature.com/articles/s41578-020-0181-5.pdf,https://doi.org/10.1038/s41578-020-0181-5,Nature Reviews Materials,10.1038s41578-020-0181-5,chiral perovskite optoelectronics,33.5587019752809,0.5,0.0,0.0,0.535838377694313,0.184349293094038,doi_key,doi_key,6.430060532331756,1.474794344752304,7.90485487708406,41.96355685236496
Mixed halide perovskites for spectrally stable and high-efficiency blue light-emitting diodes,2021,10.1038/s41467-020-20582-6,https://openalex.org/W3120423813,460,True,https://www.nature.com/articles/s41467-020-20582-6.pdf,https://doi.org/10.1038/s41467-020-20582-6,Nature Communications,10.1038s41467-020-20582-6,mixed halide perovskites for spectrally stable and high efficiency blue light emitting diodes,30.666990214983244,0.6,0.0,0.0,0.6906737767374779,0.2910858629423006,doi_key,doi_key,8.288085320849735,2.328686903538405,10.61677222438814,41.88376243937138
Lead halide perovskites for photocatalytic organic synthesis,2019,10.1038/s41467-019-10634-x,https://openalex.org/W2955361498,433,True,https://www.nature.com/articles/s41467-019-10634-x.pdf,https://doi.org/10.1038/s41467-019-10634-x,Nature Communications,10.1038s41467-019-10634-x,lead halide perovskites for photocatalytic organic synthesis,30.365222670502025,0.4,0.0,0.0,0.6747093062405352,0.3652200590581567,doi_key,doi_key,8.096511674886422,2.9217604724652535,11.018272147351675,41.7834948178537
Trifluoroacetate induced small-grained CsPbBr3 perovskite films result in efficient and stable light-emitting devices,2019,10.1038/s41467-019-08425-5,https://openalex.org/W2914440772,488,True,https://www.nature.com/articles/s41467-019-08425-5.pdf,https://doi.org/10.1038/s41467-019-08425-5,Nature Communications,10.1038s41467-019-08425-5,trifluoroacetate induced small grained cspbbr3 perovskite films result in efficient and stable light emitting devices,30.961812447374363,0.4,0.0,0.0,0.689887251071212,0.2542138757431439,doi_key,doi_key,8.278647012854544,2.0337110059451513,10.312358018799696,41.67417046617406
Highly Reproducible Sn‐Based Hybrid Perovskite Solar Cells with 9% Efficiency,2017,10.1002/aenm.201702019,https://openalex.org/W2760629443,883,True,https://onlinelibrary.wiley.com/doi/pdfdirect/10.1002/aenm.201702019,https://doi.org/10.1002/aenm.201702019,Advanced Energy Materials,10.1002aenm.201702019,highly reproducible sn based hybrid perovskite solar cells with 9 efficiency,33.92228531318822,0.2,0.0,0.0,0.5460680674964548,0.1232943256318473,doi_key,doi_key,6.5528168099574575,0.9863546050547785,7.539171415012236,41.661456728200456
Spectra stable blue perovskite light-emitting diodes,2019,10.1038/s41467-019-09794-7,https://openalex.org/W2940595295,471,True,https://www.nature.com/articles/s41467-019-09794-7.pdf,https://doi.org/10.1038/s41467-019-09794-7,Nature Communications,10.1038s41467-019-09794-7,spectra stable blue perovskite light emitting diodes,30.784894927927773,0.4,0.0,0.0,0.689787297735939,0.2153717316769769,doi_key,doi_key,8.277447572831269,1.7229738534158152,10.000421426247085,41.18531635417486
A chemically inert bismuth interlayer enhances long-term stability of inverted perovskite solar cells,2019,10.1038/s41467-019-09167-0,https://openalex.org/W2922321003,362,True,https://www.nature.com/articles/s41467-019-09167-0.pdf,https://doi.org/10.1038/s41467-019-09167-0,Nature Communications,10.1038s41467-019-09167-0,a chemically inert bismuth interlayer enhances long term stability of inverted perovskite solar cells,29.472014171324254,0.4,0.0,0.0,0.6940111698595363,0.3704991863290033,doi_key,doi_key,8.328134038314435,2.9639934906320264,11.29212752894646,41.16414170027071
"High-resolution patterning of colloidal quantum dots via non-destructive, light-driven ligand crosslinking",2020,10.1038/s41467-020-16652-4,https://openalex.org/W3033478592,243,True,https://www.nature.com/articles/s41467-020-16652-4.pdf,https://doi.org/10.1038/s41467-020-16652-4,Nature Communications,10.1038s41467-020-16652-4,high resolution patterning of colloidal quantum dots via non destructive light driven ligand crosslinking,27.48584112646601,0.5,3.0,6.0,0.4784364631168917,0.1696077574462064,doi_key,doi_key,5.7412375574027,1.3568620595696512,7.098099616972351,41.08394074343836
"Indoor Air Pollution, Related Human Diseases, and Recent Trends in the Control and Improvement of Indoor Air Quality",2020,10.3390/ijerph17082927,https://openalex.org/W3020484714,736,True,https://www.mdpi.com/1660-4601/17/8/2927/pdf?version=1587738024,https://doi.org/10.3390/ijerph17082927,International Journal of Environmental Research and Public Health,10.3390ijerph17082927,indoor air pollution related human diseases and recent trends in the control and improvement of indoor air quality,33.01293946094668,0.5,0.0,0.0,0.5152461830060567,0.1719972765857835,doi_key,doi_key,6.18295419607268,1.375978212686268,7.558932408758949,41.07187186970563
Stability of perovskite solar cells: issues and prospects,2023,10.1039/d2ra05903g,https://openalex.org/W4313893985,366,True,https://pubs.rsc.org/en/content/articlepdf/2023/ra/d2ra05903g,https://doi.org/10.1039/d2ra05903g,RSC Advances,10.1039d2ra05903g,stability of perovskite solar cells issues and prospects,29.526809240272854,0.8,0.0,0.0,0.480493203508469,0.6202018607623968,doi_key,doi_key,5.765918442101628,4.9616148860991744,10.727533328200803,41.05434256847366
Classifications and Applications of Inkjet Printing Technology: A Review,2021,10.1109/access.2021.3119219,https://openalex.org/W3206452593,248,True,https://ieeexplore.ieee.org/ielx7/6287639/6514899/09565892.pdf,https://doi.org/10.1109/access.2021.3119219,IEEE Access,10.1109access.2021.3119219,classifications and applications of inkjet printing technology a review,27.587264482323537,0.6,5.0,10.0,0.1945827755844697,0.0467271655127344,doi_key,doi_key,2.3349933070136366,0.3738173241018752,2.7088106311155116,40.89607511343905
20.8% Slot‐Die Coated MAPbI<sub>3</sub> Perovskite Solar Cells by Optimal DMSO‐Content and Age of 2‐ME Based Precursor Inks,2021,10.1002/aenm.202003460,https://openalex.org/W3113214473,191,True,https://onlinelibrary.wiley.com/doi/pdfdirect/10.1002/aenm.202003460,https://doi.org/10.1002/aenm.202003460,Advanced Energy Materials,10.1002aenm.202003460,20 8 slot die coated mapbi 3 perovskite solar cells by optimal dmso content and age of 2 me based precursor inks,26.28747686013891,0.6,6.0,12.0,0.1399104826151371,0.0305521586901727,doi_key,doi_key,1.6789257913816453,0.2444172695213816,1.9233430609030269,40.81081992104194
Roll-to-roll gravure-printed flexible perovskite solar cells using eco-friendly antisolvent bathing with wide processing window,2020,10.1038/s41467-020-18940-5,https://openalex.org/W3092176741,294,True,https://www.nature.com/articles/s41467-020-18940-5.pdf,https://doi.org/10.1038/s41467-020-18940-5,Nature Communications,10.1038s41467-020-18940-5,roll to roll gravure printed flexible perovskite solar cells using eco friendly antisolvent bathing with wide processing window,28.434876781699103,0.5,1.5,3.0,0.5581343158388805,0.267732734328775,doi_key,doi_key,6.697611790066566,2.1418618746302,8.839473664696765,40.77435044639587
Status and perspectives of key materials for PEM electrolyzer,2022,10.26599/nre.2022.9120032,https://openalex.org/W4295011639,440,True,https://www.sciopen.com/article_pdf/1567427372770799617.pdf,https://doi.org/10.26599/nre.2022.9120032,Nano Research Energy,10.26599nre.2022.9120032,status and perspectives of key materials for pem electrolyzer,30.44522437723423,0.7,0.0,0.0,0.3997882186563191,0.5973829077217784,doi_key,doi_key,4.797458623875829,4.779063261774227,9.576521885650056,40.72174626288428
Perovskite seeding growth of formamidinium-lead-iodide-based perovskites for efficient and stable solar cells,2018,10.1038/s41467-018-04029-7,https://openalex.org/W2801523206,402,True,https://www.nature.com/articles/s41467-018-04029-7.pdf,https://doi.org/10.1038/s41467-018-04029-7,Nature Communications,10.1038s41467-018-04029-7,perovskite seeding growth of formamidinium lead iodide based perovskites for efficient and stable solar cells,29.994682809733412,0.3,0.0,0.0,0.6838085277201765,0.2562469662439036,doi_key,doi_key,8.205702332642119,2.0499757299512287,10.255678062593347,40.55036087232676
Accelerating the discovery of materials for clean energy in the era of smart automation,2018,10.1038/s41578-018-0005-z,https://openalex.org/W2799915630,745,True,https://www.nature.com/articles/s41578-018-0005-z.pdf,https://doi.org/10.1038/s41578-018-0005-z,Nature Reviews Materials,10.1038s41578-018-0005-z,accelerating the discovery of materials for clean energy in the era of smart automation,33.073628001018804,0.3,0.0,0.0,0.5027115279015408,0.1361960011633294,doi_key,doi_key,6.03253833481849,1.089568009306635,7.122106344125125,40.49573434514393
Myths and reality of HPbI3 in halide perovskite solar cells,2018,10.1038/s41467-018-07204-y,https://openalex.org/W2900078643,298,True,https://www.nature.com/articles/s41467-018-07204-y.pdf,https://doi.org/10.1038/s41467-018-07204-y,Nature Communications,10.1038s41467-018-07204-y,myths and reality of hpbi3 in halide perovskite solar cells,28.502217866953433,0.3,0.0,0.0,0.6487062711538841,0.4663264054370717,doi_key,doi_key,7.78447525384661,3.7306112434965737,11.515086497343184,40.31730436429662
Multifunctional molecular modulators for perovskite solar cells with over 20% efficiency and high operational stability,2018,10.1038/s41467-018-06709-w,https://openalex.org/W2897375678,328,True,https://www.nature.com/articles/s41467-018-06709-w.pdf,https://doi.org/10.1038/s41467-018-06709-w,Nature Communications,10.1038s41467-018-06709-w,multifunctional molecular modulators for perovskite solar cells with over 20 efficiency and high operational stability,28.98028875382686,0.3,0.0,0.0,0.6333444572498936,0.4249049309759468,doi_key,doi_key,7.600133486998724,3.3992394478075743,10.999372934806297,40.279661688633155
Hysteresis-free perovskite solar cells made of potassium-doped organometal halide perovskite,2017,10.1038/s41598-017-12436-x,https://openalex.org/W2754484403,267,True,https://www.nature.com/articles/s41598-017-12436-x.pdf,https://doi.org/10.1038/s41598-017-12436-x,Scientific Reports,10.1038s41598-017-12436-x,hysteresis free perovskite solar cells made of potassium doped organometal halide perovskite,27.95493490255428,0.2,0.0,0.0,0.3872211908492838,0.9301816758916306,doi_key,doi_key,4.646654290191406,7.441453407133045,12.08810769732445,40.243042599878734
Smoothing the energy transfer pathway in quasi-2D perovskite films using methanesulfonate leads to highly efficient light-emitting devices,2021,10.1038/s41467-021-21522-8,https://openalex.org/W3131699578,415,True,https://www.nature.com/articles/s41467-021-21522-8.pdf,https://doi.org/10.1038/s41467-021-21522-8,Nature Communications,10.1038s41467-021-21522-8,smoothing the energy transfer pathway in quasi 2d perovskite films using methanesulfonate leads to highly efficient light emitting devices,30.153426301306318,0.6,0.0,0.0,0.6407296428278416,0.2110167171098564,doi_key,doi_key,7.6887557139341,1.6881337368788512,9.376889450812952,40.13031575211927
Reduced graphene oxide today,2019,10.1039/c9tc04916a,https://openalex.org/W2997981563,669,True,https://pubs.rsc.org/en/content/articlepdf/2020/tc/c9tc04916a,https://doi.org/10.1039/c9tc04916a,Journal of Materials Chemistry C,10.1039c9tc04916a,reduced graphene oxide today,32.53638856192506,0.4,0.0,0.0,0.4709655670054821,0.1359603376999804,doi_key,doi_key,5.651586804065785,1.0876827015998431,6.739269505665628,39.67565806759068
Development of Greener and Stable Inkjet‐Printable Perovskite Precursor Inks for All‐Printed Annealing‐Free Perovskite Solar Mini‐Modules Manufacturing,2023,10.1002/smtd.202300664,https://openalex.org/W4382502101,32,True,https://onlinelibrary.wiley.com/doi/pdfdirect/10.1002/smtd.202300664,https://doi.org/10.1002/smtd.202300664,Small Methods,10.1002smtd.202300664,development of greener and stable inkjet printable perovskite precursor inks for all printed annealing free perovskite solar mini modules manufacturing,17.482537807332402,0.8,10.5,21.0,0.0197142774422156,0.0110235706771969,doi_key,doi_key,0.2365713293065872,0.0881885654175752,0.3247598947241624,39.60729770205656
Lattice strain causes non-radiative losses in halide perovskites,2019,10.1039/c8ee02751j,https://openalex.org/W2911095050,486,True,https://pubs.rsc.org/en/content/articlepdf/2019/ee/c8ee02751j,https://doi.org/10.1039/c8ee02751j,Energy & Environmental Science,10.1039c8ee02751j,lattice strain causes non radiative losses in halide perovskites,30.94132061541295,0.4,0.0,0.0,0.56008632776309,0.1750124477758732,doi_key,doi_key,6.721035933157079,1.4000995822069855,8.121135515364065,39.462456130777014
Progress in understanding structure and transport properties of PEDOT-based materials: A critical review,2019,10.1016/j.pmatsci.2019.100616,https://openalex.org/W2984074512,617,True,https://www.sciencedirect.com/science/article/am/pii/S0079642519300982?via%3Dihub,https://doi.org/10.1016/j.pmatsci.2019.100616,Progress in Materials Science,10.1016j.pmatsci.2019.100616,progress in understanding structure and transport properties of pedot based materials a critical review,32.132442287288455,0.4,0.0,0.0,0.4595492813849931,0.1659637337460276,doi_key,doi_key,5.514591376619918,1.3277098699682208,6.842301246588138,39.37474353387659
A Review on Metasurface: From Principle to Smart Metadevices,2021,10.3389/fphy.2020.586087,https://openalex.org/W3128209717,645,True,https://www.frontiersin.org/articles/10.3389/fphy.2020.586087/pdf,https://doi.org/10.3389/fphy.2020.586087,Frontiers in Physics,10.3389fphy.2020.586087,a review on metasurface from principle to smart metadevices,32.35399751891301,0.6,0.0,0.0,0.4578311441481374,0.1105339175436778,doi_key,doi_key,5.4939737297776485,0.8842713403494225,6.378245070127071,39.332242589040085
"Recycling of Lithium‐Ion Batteries—Current State of the Art, Circular Economy, and Next Generation Recycling",2022,10.1002/aenm.202102917,https://openalex.org/W4205771230,690,True,https://onlinelibrary.wiley.com/doi/pdfdirect/10.1002/aenm.202102917,https://doi.org/10.1002/aenm.202102917,Advanced Energy Materials,10.1002aenm.202102917,recycling of lithium ion batteries current state of the art circular economy and next generation recycling,32.69069911883835,0.7,0.0,0.0,0.431307245422056,0.0931327952856261,doi_key,doi_key,5.1756869450646725,0.7450623622850088,5.9207493073496815,39.311448426188036
High-performance large-area quasi-2D perovskite light-emitting diodes,2021,10.1038/s41467-021-22529-x,https://openalex.org/W3156248107,315,True,https://www.nature.com/articles/s41467-021-22529-x.pdf,https://doi.org/10.1038/s41467-021-22529-x,Nature Communications,10.1038s41467-021-22529-x,high performance large area quasi 2d perovskite light emitting diodes,28.778711067934562,0.6,1.0,2.0,0.5621031107753178,0.1478601466723658,doi_key,doi_key,6.745237329303814,1.1828811733789264,7.92811850268274,39.3068295706173
Scalable PbS Quantum Dot Solar Cell Production by Blade Coating from Stable Inks,2021,10.1021/acsami.0c18204,https://openalex.org/W3121776178,145,True,https://pubs.acs.org/doi/pdf/10.1021/acsami.0c18204,https://doi.org/10.1021/acsami.0c18204,ACS Applied Materials & Interfaces,10.1021acsami.0c18204,scalable pbs quantum dot solar cell production by blade coating from stable inks,24.91803310854168,0.6,6.0,12.0,0.1147102019608789,0.0481824008474939,doi_key,doi_key,1.3765224235305469,0.3854592067799512,1.761981630310498,39.28001473885219
Electrode Materials for Supercapacitors: A Review of Recent Advances,2020,10.3390/catal10090969,https://openalex.org/W3082954565,658,True,https://www.mdpi.com/2073-4344/10/9/969/pdf?version=1598493922,https://doi.org/10.3390/catal10090969,Catalysts,10.3390catal10090969,electrode materials for supercapacitors a review of recent advances,32.453617672512536,0.5,0.0,0.0,0.4471663235779248,0.1194669504656389,doi_key,doi_key,5.365995882935097,0.9557356037251112,6.321731486660209,39.27534915917275
Large-area and efficient perovskite light-emitting diodes via low-temperature blade-coating,2021,10.1038/s41467-020-20433-4,https://openalex.org/W3120128877,161,True,https://www.nature.com/articles/s41467-020-20433-4.pdf,https://doi.org/10.1038/s41467-020-20433-4,Nature Communications,10.1038s41467-020-20433-4,large area and efficient perovskite light emitting diodes via low temperature blade coating,25.437981676161918,0.6,4.0,8.0,0.3508400438840286,0.0959070028488672,doi_key,doi_key,4.210080526608343,0.7672560227909376,4.977336549399281,39.0153182255612
Bio-inspired vertebral design for scalable and flexible perovskite solar cells,2020,10.1038/s41467-020-16831-3,https://openalex.org/W3034870143,259,True,https://www.nature.com/articles/s41467-020-16831-3.pdf,https://doi.org/10.1038/s41467-020-16831-3,Nature Communications,10.1038s41467-020-16831-3,bio inspired vertebral design for scalable and flexible perovskite solar cells,27.803408155077637,0.5,1.0,2.0,0.5176437595564082,0.25930460693341,doi_key,doi_key,6.211725114676899,2.07443685546728,8.286161970144178,38.58957012522181
Dimensionality engineering of hybrid halide perovskite light absorbers,2018,10.1038/s41467-018-07382-9,https://openalex.org/W2901657000,318,True,https://www.nature.com/articles/s41467-018-07382-9.pdf,https://doi.org/10.1038/s41467-018-07382-9,Nature Communications,10.1038s41467-018-07382-9,dimensionality engineering of hybrid halide perovskite light absorbers,28.82595551392422,0.3,0.0,0.0,0.6026710555049989,0.2720006276465069,doi_key,doi_key,7.232052666059987,2.176005021172055,9.408057687232041,38.53401320115626
Metal halide perovskite light emitters,2016,10.1073/pnas.1607471113,https://openalex.org/W2525292295,538,True,https://www.pnas.org/content/pnas/113/42/11694.full.pdf,https://doi.org/10.1073/pnas.1607471113,Proceedings of the National Academy of Sciences,10.1073pnas.1607471113,metal halide perovskite light emitters,31.448577854544986,0.1,0.0,0.0,0.4417590744023679,0.1968342151033095,doi_key,doi_key,5.301108892828415,1.574673720826476,6.875782613654891,38.42436046819988
X-ray Scintillation in Lead Halide Perovskite Crystals,2016,10.1038/srep37254,https://openalex.org/W2556394029,366,True,https://www.nature.com/articles/srep37254.pdf,https://doi.org/10.1038/srep37254,Scientific Reports,10.1038srep37254,x ray scintillation in lead halide perovskite crystals,29.526809240272854,0.1,0.0,0.0,0.4597292919573937,0.3957728524453976,doi_key,doi_key,5.516751503488725,3.166182819563181,8.682934323051906,38.30974356332476
One-stone-for-two-birds strategy to attain beyond 25% perovskite solar cells,2023,10.1038/s41467-023-36229-1,https://openalex.org/W4321002470,295,True,https://www.nature.com/articles/s41467-023-36229-1.pdf,https://doi.org/10.1038/s41467-023-36229-1,Nature Communications,10.1038s41467-023-36229-1,one stone for two birds strategy to attain beyond 25 perovskite solar cells,28.4517972716203,0.8,0.0,0.0,0.573016082119501,0.2708576630223913,doi_key,doi_key,6.876192985434011,2.1668613041791303,9.043054289613142,38.29485156123344
Advances in Inkjet‐Printed Metal Halide Perovskite Photovoltaic and Optoelectronic Devices,2019,10.1002/ente.201900991,https://openalex.org/W2982978902,111,True,https://onlinelibrary.wiley.com/doi/pdfdirect/10.1002/ente.201900991,https://doi.org/10.1002/ente.201900991,Energy Technology,10.1002ente.201900991,advances in inkjet printed metal halide perovskite photovoltaic and optoelectronic devices,23.59249435647547,0.4,6.5,13.0,0.0854080436737584,0.0333544645946601,doi_key,doi_key,1.0248965240851007,0.2668357167572808,1.2917322408423815,38.28422659731785
Types of Solar Cells and Application,2015,10.11648/j.ajop.20150305.17,https://openalex.org/W1529571442,548,True,http://article.sciencepublishinggroup.com/pdf/10.11648.j.ajop.20150305.17.pdf,https://doi.org/10.11648/j.ajop.20150305.17,American Journal of Optics and Photonics,10.11648j.ajop.20150305.17,types of solar cells and application,31.54049220754765,0.0,0.0,0.0,0.4321900901534272,0.1921974520020432,doi_key,doi_key,5.186281081841126,1.5375796160163455,6.7238606978574715,38.26435290540512
Efficient sky-blue perovskite light-emitting diodes via photoluminescence enhancement,2019,10.1038/s41467-019-13580-w,https://openalex.org/W2995822675,337,True,https://www.nature.com/articles/s41467-019-13580-w.pdf,https://doi.org/10.1038/s41467-019-13580-w,Nature Communications,10.1038s41467-019-13580-w,efficient sky blue perovskite light emitting diodes via photoluminescence enhancement,29.115229477415095,0.4,0.0,0.0,0.6098729631737989,0.1694110479965209,doi_key,doi_key,7.318475558085587,1.3552883839721672,8.673763942057754,38.18899341947285
"Preparations, Properties, and Applications of Polyaniline and Polyaniline Thin Films—A Review",2021,10.3390/polym13122003,https://openalex.org/W3175137827,581,True,https://www.mdpi.com/2073-4360/13/12/2003/pdf?version=1624351148,https://doi.org/10.3390/polym13122003,Polymers,10.3390polym13122003,preparations properties and applications of polyaniline and polyaniline thin films a review,31.83235223865719,0.6,0.0,0.0,0.4099669345931774,0.0958296225258991,doi_key,doi_key,4.919603215118129,0.7666369802071928,5.686240195325322,38.11859243398251
Unveiling the operation mechanism of layered perovskite solar cells,2019,10.1038/s41467-019-08958-9,https://openalex.org/W2917115373,290,True,https://www.nature.com/articles/s41467-019-08958-9.pdf,https://doi.org/10.1038/s41467-019-08958-9,Nature Communications,10.1038s41467-019-08958-9,unveiling the operation mechanism of layered perovskite solar cells,28.366616335857465,0.4,0.0,0.0,0.605850167884876,0.2583106441253451,doi_key,doi_key,7.270202014618512,2.066485153002761,9.336687167621273,38.103303503478735
Graded bulk-heterojunction enables 17% binary organic solar cells via nonhalogenated open air coating,2021,10.1038/s41467-021-25148-8,https://openalex.org/W3187580872,233,True,https://www.nature.com/articles/s41467-021-25148-8.pdf,https://doi.org/10.1038/s41467-021-25148-8,Nature Communications,10.1038s41467-021-25148-8,graded bulk heterojunction enables 17 binary organic solar cells via nonhalogenated open air coating,27.27660557678851,0.6,1.5,3.0,0.4631336130957056,0.1819122770098421,doi_key,doi_key,5.5576033571484675,1.4552982160787369,7.012901573227205,37.88950715001572
Flow-enhanced solution printing of all-polymer solar cells,2015,10.1038/ncomms8955,https://openalex.org/W1938540289,245,True,https://www.nature.com/articles/ncomms8955.pdf,https://doi.org/10.1038/ncomms8955,Nature Communications,10.1038ncomms8955,flow enhanced solution printing of all polymer solar cells,27.526657679661813,0.0,1.0,2.0,0.5240749120376409,0.2523916585062118,doi_key,doi_key,6.288898944451691,2.0191332680496945,8.308032212501384,37.8346898921632
Self-assembled monolayer enabling improved buried interfaces in blade-coated perovskite solar cells for high efficiency and stability,2022,10.26599/nre.2022.9120004,https://openalex.org/W4220832752,132,True,https://www.sciopen.com/article_pdf/1505803554504044545.pdf,https://doi.org/10.26599/nre.2022.9120004,Nano Research Energy,10.26599nre.2022.9120004,self assembled monolayer enabling improved buried interfaces in blade coated perovskite solar cells for high efficiency and stability,24.45174564110877,0.7,1.5,3.0,0.183983937501882,0.9313904378157112,doi_key,doi_key,2.207807250022584,7.4511235025256894,9.658930752548272,37.81067639365704
Defects engineering for high-performance perovskite solar cells,2018,10.1038/s41528-018-0035-z,https://openalex.org/W2883938439,518,True,https://www.nature.com/articles/s41528-018-0035-z.pdf,https://doi.org/10.1038/s41528-018-0035-z,npj Flexible Electronics,10.1038s41528-018-0035-z,defects engineering for high performance perovskite solar cells,31.25951941582944,0.3,0.0,0.0,0.4215997045282172,0.1440422751636855,doi_key,doi_key,5.059196454338607,1.152338201309484,6.211534655648091,37.771054071477536
Understanding effects of precursor solution aging in triple cation lead perovskite,2018,10.1039/c8ra03471k,https://openalex.org/W2808525272,75,True,https://pubs.rsc.org/en/content/articlepdf/2018/ra/c8ra03471k,https://doi.org/10.1039/c8ra03471k,RSC Advances,10.1039c8ra03471k,understanding effects of precursor solution aging in triple cation lead perovskite,21.653666701431654,0.3,3.0,6.0,0.2058609123090439,0.9181709217774822,doi_key,doi_key,2.470330947708527,7.345367374219857,9.815698321928384,37.76936502336004
Impacts of alkaline on the defects property and crystallization kinetics in perovskite solar cells,2019,10.1038/s41467-019-09093-1,https://openalex.org/W2918872551,271,True,https://www.nature.com/articles/s41467-019-09093-1.pdf,https://doi.org/10.1038/s41467-019-09093-1,Nature Communications,10.1038s41467-019-09093-1,impacts of alkaline on the defects property and crystallization kinetics in perovskite solar cells,28.029010331479988,0.4,0.0,0.0,0.5489919828109181,0.3413043235757994,doi_key,doi_key,6.587903793731018,2.730434588606395,9.318338382337412,37.7473487138174
Large guanidinium cation mixed with methylammonium in lead iodide perovskites for 19% efficient solar cells,2017,10.1038/s41560-017-0054-3,https://openalex.org/W2771319237,515,True,https://www.nature.com/articles/s41560-017-0054-3.pdf,https://doi.org/10.1038/s41560-017-0054-3,Nature Energy,10.1038s41560-017-0054-3,large guanidinium cation mixed with methylammonium in lead iodide perovskites for 19 efficient solar cells,31.230533827407815,0.2,0.0,0.0,0.437260567026616,0.119161316106201,doi_key,doi_key,5.247126804319391,0.953290528849608,6.200417333168999,37.630951160576814
Crystallization of CsPbBr3 single crystals in water for X-ray detection,2021,10.1038/s41467-021-21805-0,https://openalex.org/W3135205382,300,True,https://www.nature.com/articles/s41467-021-21805-0.pdf,https://doi.org/10.1038/s41467-021-21805-0,Nature Communications,10.1038s41467-021-21805-0,crystallization of cspbbr3 single crystals in water for x ray detection,28.53555132374438,0.6,0.0,0.0,0.5670995053055421,0.2092797599022546,doi_key,doi_key,6.805194063666505,1.6742380792180367,8.479432142884543,37.61498346662892
Manipulation of facet orientation in hybrid perovskite polycrystalline films by cation cascade,2018,10.1038/s41467-018-05076-w,https://openalex.org/W2870524276,258,True,https://www.nature.com/articles/s41467-018-05076-w.pdf,https://doi.org/10.1038/s41467-018-05076-w,Nature Communications,10.1038s41467-018-05076-w,manipulation of facet orientation in hybrid perovskite polycrystalline films by cation cascade,27.784140308497687,0.3,0.0,0.0,0.6145911819562679,0.2579037171038699,doi_key,doi_key,7.375094183475215,2.063229736830959,9.438323920306175,37.52246422880386
"Third-generation solar cells: a review and comparison of polymer:fullerene, hybrid polymer and perovskite solar cells",2014,10.1039/c4ra07064j,https://openalex.org/W2161663950,313,True,https://pubs.rsc.org/en/content/articlepdf/2014/ra/c4ra07064j,https://doi.org/10.1039/c4ra07064j,RSC Advances,10.1039c4ra07064j,third generation solar cells a review and comparison of polymer fullerene hybrid polymer and perovskite solar cells,28.746964929541264,0.0,0.0,0.0,0.4158377593757277,0.4655516340167292,doi_key,doi_key,4.990053112508733,3.7244130721338338,8.714466184642566,37.46143111418383
Recent advances in organic light-emitting diodes: toward smart lighting and displays,2019,10.1039/c9qm00716d,https://openalex.org/W2996329972,556,True,https://pubs.rsc.org/en/content/articlepdf/2020/qm/c9qm00716d,https://doi.org/10.1039/c9qm00716d,Materials Chemistry Frontiers,10.1039c9qm00716d,recent advances in organic light emitting diodes toward smart lighting and displays,31.612826199636423,0.4,0.0,0.0,0.4000929103017811,0.0790172233612128,doi_key,doi_key,4.801114923621373,0.6321377868897023,5.433252710511075,37.4460789101475
Large cation ethylammonium incorporated perovskite for efficient and spectra stable blue light-emitting diodes,2020,10.1038/s41467-020-17943-6,https://openalex.org/W3061209496,313,True,https://www.nature.com/articles/s41467-020-17943-6.pdf,https://doi.org/10.1038/s41467-020-17943-6,Nature Communications,10.1038s41467-020-17943-6,large cation ethylammonium incorporated perovskite for efficient and spectra stable blue light emitting diodes,28.746964929541264,0.5,0.0,0.0,0.5725228871638118,0.1657763266018225,doi_key,doi_key,6.8702746459657416,1.32621061281458,8.19648525878032,37.443450188321584
Interpenetrating interfaces for efficient perovskite solar cells with high operational stability and mechanical robustness,2021,10.1038/s41467-021-21292-3,https://openalex.org/W3126723938,278,True,https://www.nature.com/articles/s41467-021-21292-3.pdf,https://doi.org/10.1038/s41467-021-21292-3,Nature Communications,10.1038s41467-021-21292-3,interpenetrating interfaces for efficient perovskite solar cells with high operational stability and mechanical robustness,28.156058909106825,0.6,0.0,0.0,0.5626307487912504,0.2313701611746831,doi_key,doi_key,6.751568985495005,1.8509612893974647,8.60253027489247,37.3585891839993
How the formation of interfacial charge causes hysteresis in perovskite solar cells,2018,10.1039/c8ee01447g,https://openalex.org/W2805286264,360,True,https://pubs.rsc.org/en/content/articlepdf/2018/ee/c8ee01447g,https://doi.org/10.1039/c8ee01447g,Energy & Environmental Science,10.1039c8ee01447g,how the formation of interfacial charge causes hysteresis in perovskite solar cells,29.444389791664403,0.3,0.0,0.0,0.5421749180348165,0.1381029718119686,doi_key,doi_key,6.5060990164177985,1.1048237744957488,7.6109227909135475,37.35531258257795
Impact of H<sub>2</sub>O on organic–inorganic hybrid perovskite solar cells,2017,10.1039/c7ee01674c,https://openalex.org/W2758692133,459,True,https://pubs.rsc.org/en/content/articlepdf/2017/ee/c7ee01674c,https://doi.org/10.1039/c7ee01674c,Energy & Environmental Science,10.1039c7ee01674c,impact of h 2 o on organic inorganic hybrid perovskite solar cells,30.656132447415704,0.2,0.0,0.0,0.478965376129395,0.0860057614925389,doi_key,doi_key,5.74758451355274,0.6880460919403112,6.435630605493051,37.291763052908756
Enhanced optical path and electron diffusion length enable high-efficiency perovskite tandems,2020,10.1038/s41467-020-15077-3,https://openalex.org/W3010082540,272,True,https://www.nature.com/articles/s41467-020-15077-3.pdf,https://doi.org/10.1038/s41467-020-15077-3,Nature Communications,10.1038s41467-020-15077-3,enhanced optical path and electron diffusion length enable high efficiency perovskite tandems,28.047358975924798,0.5,0.0,0.0,0.5781725261833517,0.2224742445413162,doi_key,doi_key,6.93807031420022,1.7797939563305296,8.71786427053075,37.26522324645555
New frontiers for the materials genome initiative,2019,10.1038/s41524-019-0173-4,https://openalex.org/W2929465105,525,True,https://www.nature.com/articles/s41524-019-0173-4.pdf,https://doi.org/10.1038/s41524-019-0173-4,npj Computational Materials,10.1038s41524-019-0173-4,new frontiers for the materials genome initiative,31.32650606368855,0.4,0.0,0.0,0.3925971456919276,0.087708289599664,doi_key,doi_key,4.711165748303131,0.701666316797312,5.412832065100443,37.13933812878899
Flexible Perovskite Photovoltaic Modules and Solar Cells Based on Atomic Layer Deposited Compact Layers and UV‐Irradiated TiO<sub>2</sub> Scaffolds on Plastic Substrates,2015,10.1002/aenm.201401808,https://openalex.org/W2150690597,586,True,https://onlinelibrary.wiley.com/doi/pdfdirect/10.1002/aenm.201401808,https://doi.org/10.1002/aenm.201401808,Advanced Energy Materials,10.1002aenm.201401808,flexible perovskite photovoltaic modules and solar cells based on atomic layer deposited compact layers and uv irradiated tio 2 scaffolds on plastic substrates,31.875124099140486,0.0,0.0,0.0,0.3796198018687388,0.0815975121996192,doi_key,doi_key,4.555437622424865,0.6527800975969535,5.2082177200218185,37.08334181916231
Slot-die coating of perovskite solar cells: An overview,2019,10.1016/j.mtcomm.2019.100808,https://openalex.org/W2995852576,191,True,https://ars.els-cdn.com/content/image/1-s2.0-S2352492819308414-ga1_lrg.jpg,https://doi.org/10.1016/j.mtcomm.2019.100808,Materials Today Communications,10.1016j.mtcomm.2019.100808,slot die coating of perovskite solar cells an overview,26.28747686013891,0.4,4.0,8.0,0.1675960394421266,0.0479696027480244,doi_key,doi_key,2.0111524733055193,0.3837568219841952,2.3949092952897146,37.08238615542862
Mixed‐Organic‐Cation Tin Iodide for Lead‐Free Perovskite Solar Cells with an Efficiency of 8.12%,2017,10.1002/advs.201700204,https://openalex.org/W2734778715,486,True,https://onlinelibrary.wiley.com/doi/pdfdirect/10.1002/advs.201700204,https://doi.org/10.1002/advs.201700204,Advanced Science,10.1002advs.201700204,mixed organic cation tin iodide for lead free perovskite solar cells with an efficiency of 8 12,30.94132061541295,0.2,0.0,0.0,0.3958377277333108,0.1423517260834157,doi_key,doi_key,4.7500527327997295,1.1388138086673256,5.888866541467055,37.030187156880004
The rise of self-driving labs in chemical and materials sciences,2023,10.1038/s44160-022-00231-0,https://openalex.org/W4318486595,457,True,https://www.nature.com/articles/s44160-022-00231-0.pdf,https://doi.org/10.1038/s44160-022-00231-0,Nature Synthesis,10.1038s44160-022-00231-0,the rise of self driving labs in chemical and materials sciences,30.634345920570926,0.8,0.0,0.0,0.361411810387327,0.1261201332177172,doi_key,doi_key,4.336941724647924,1.0089610657417376,5.345902790389662,36.78024871096059
"A Review on Printed Electronics: Fabrication Methods, Inks, Substrates, Applications and Environmental Impacts",2021,10.3390/jmmp5030089,https://openalex.org/W3167283458,212,True,https://www.mdpi.com/2504-4494/5/3/89/pdf?version=1628853717,https://doi.org/10.3390/jmmp5030089,Journal of Manufacturing and Materials Processing,10.3390jmmp5030089,a review on printed electronics fabrication methods inks substrates applications and environmental impacts,26.806460828547127,0.6,3.5,7.0,0.166115470363485,0.0454258036250073,doi_key,doi_key,1.99338564436182,0.3634064290000584,2.3567920733618783,36.763252901909006
Carrier separation and transport in perovskite solar cells studied by nanometre-scale profiling of electrical potential,2015,10.1038/ncomms9397,https://openalex.org/W2273321167,257,True,https://www.nature.com/articles/ncomms9397.pdf,https://doi.org/10.1038/ncomms9397,Nature Communications,10.1038ncomms9397,carrier separation and transport in perovskite solar cells studied by nanometre scale profiling of electrical potential,27.764797924608086,0.0,0.0,0.0,0.5364630319466479,0.3185066046547384,doi_key,doi_key,6.437556383359775,2.548052837237907,8.985609220597683,36.75040714520577
Recent Progress on Piezoelectric and Triboelectric Energy Harvesters in Biomedical Systems,2017,10.1002/advs.201700029,https://openalex.org/W2603913268,537,True,https://onlinelibrary.wiley.com/doi/pdfdirect/10.1002/advs.201700029,https://doi.org/10.1002/advs.201700029,Advanced Science,10.1002advs.201700029,recent progress on piezoelectric and triboelectric energy harvesters in biomedical systems,31.43929280080892,0.2,0.0,0.0,0.3718272101571844,0.0804125018641958,doi_key,doi_key,4.4619265218862125,0.6433000149135664,5.105226536799779,36.7445193376087
Unveiling the synergistic effect of precursor stoichiometry and interfacial reactions for perovskite light-emitting diodes,2019,10.1038/s41467-019-10612-3,https://openalex.org/W2955901718,184,True,https://www.nature.com/articles/s41467-019-10612-3.pdf,https://doi.org/10.1038/s41467-019-10612-3,Nature Communications,10.1038s41467-019-10612-3,unveiling the synergistic effect of precursor stoichiometry and interfacial reactions for perovskite light emitting diodes,26.101779125391623,0.4,2.0,4.0,0.4342047856616393,0.1238143526097462,doi_key,doi_key,5.210457427939671,0.9905148208779696,6.20097224881764,36.702751374209264
Long-lived hot-carrier light emission and large blue shift in formamidinium tin triiodide perovskites,2018,10.1038/s41467-017-02684-w,https://openalex.org/W2783473290,277,True,https://www.nature.com/articles/s41467-017-02684-w.pdf,https://doi.org/10.1038/s41467-017-02684-w,Nature Communications,10.1038s41467-017-02684-w,long lived hot carrier light emission and large blue shift in formamidinium tin triiodide perovskites,28.138105568453184,0.3,0.0,0.0,0.5274280249687459,0.227959615354363,doi_key,doi_key,6.329136299624951,1.823676922834904,8.152813222459855,36.59091879091304
"Zinc Anode for Mild Aqueous Zinc-Ion Batteries: Challenges, Strategies, and Perspectives",2022,10.1007/s40820-021-00782-5,https://openalex.org/W4206321081,510,True,https://link.springer.com/content/pdf/10.1007/s40820-021-00782-5.pdf,https://doi.org/10.1007/s40820-021-00782-5,Nano-Micro Letters,10.1007s40820-021-00782-5,zinc anode for mild aqueous zinc ion batteries challenges strategies and perspectives,31.181847951018522,0.7,0.0,0.0,0.344425042916489,0.0696359068061508,doi_key,doi_key,4.133100514997868,0.5570872544492064,4.690187769447075,36.57203572046559
Recent Progresses in Electrocatalysts for Water Electrolysis,2018,10.1007/s41918-018-0014-z,https://openalex.org/W2883757223,475,True,https://link.springer.com/content/pdf/10.1007/s41918-018-0014-z.pdf,https://doi.org/10.1007/s41918-018-0014-z,Electrochemical Energy Reviews,10.1007s41918-018-0014-z,recent progresses in electrocatalysts for water electrolysis,30.827089271157103,0.3,0.0,0.0,0.3696176607420774,0.1251340575343967,doi_key,doi_key,4.435411928904929,1.0010724602751735,5.4364843891801025,36.563573660337205
Advances in flexible organic field-effect transistors and their applications for flexible electronics,2022,10.1038/s41528-022-00133-3,https://openalex.org/W4205740463,486,True,https://www.nature.com/articles/s41528-022-00133-3.pdf,https://doi.org/10.1038/s41528-022-00133-3,npj Flexible Electronics,10.1038s41528-022-00133-3,advances in flexible organic field effect transistors and their applications for flexible electronics,30.94132061541295,0.7,0.0,0.0,0.3531965829592131,0.0851922773901879,doi_key,doi_key,4.238358995510557,0.6815382191215033,4.91989721463206,36.56121783004501
Dye-sensitized solar cells strike back,2021,10.1039/d0cs01336f,https://openalex.org/W3203019058,499,True,https://pubs.rsc.org/en/content/articlepdf/2021/cs/d0cs01336f,https://doi.org/10.1039/d0cs01336f,Chemical Society Reviews,10.1039d0cs01336f,dye sensitized solar cells strike back,31.073040492110955,0.6,0.0,0.0,0.3501498376214614,0.0814644635526475,doi_key,doi_key,4.201798051457537,0.65171570842118,4.853513759878717,36.52655425198967
"Synthesis, optoelectronic properties and applications of halide perovskites",2020,10.1039/c9cs00848a,https://openalex.org/W3020144358,506,True,https://pubs.rsc.org/en/content/articlepdf/2020/cs/c9cs00848a,https://doi.org/10.1039/c9cs00848a,Chemical Society Reviews,10.1039c9cs00848a,synthesis optoelectronic properties and applications of halide perovskites,31.142555017955917,0.5,0.0,0.0,0.3416845669388097,0.094509221745647,doi_key,doi_key,4.100214803265716,0.756073773965176,4.856288577230893,36.49884359518681
"Progress, challenges and perspectives in flexible perovskite solar cells",2016,10.1039/c6ee01137c,https://openalex.org/W2516530664,417,True,https://pubs.rsc.org/en/content/articlepdf/2016/ee/c6ee01137c,https://doi.org/10.1039/c6ee01137c,Energy & Environmental Science,10.1039c6ee01137c,progress challenges and perspectives in flexible perovskite solar cells,30.17740716262378,0.1,0.0,0.0,0.4594696544108011,0.087926920538627,doi_key,doi_key,5.513635852929614,0.703415364309016,6.21705121723863,36.49445837986241
Pure crystal orientation and anisotropic charge transport in large-area hybrid perovskite films,2016,10.1038/ncomms13407,https://openalex.org/W2552559875,227,True,https://www.nature.com/articles/ncomms13407.pdf,https://doi.org/10.1038/ncomms13407,Nature Communications,10.1038ncomms13407,pure crystal orientation and anisotropic charge transport in large area hybrid perovskite films,27.146728144772204,0.1,1.0,2.0,0.4864604188286948,0.176049325794364,doi_key,doi_key,5.837525025944338,1.408394606354912,7.24591963229925,36.492647777071454
Piezoelectric Nano‐Biomaterials for Biomedicine and Tissue Regeneration,2020,10.1002/adfm.201909045,https://openalex.org/W3008594216,497,True,https://onlinelibrary.wiley.com/doi/pdfdirect/10.1002/adfm.201909045,https://doi.org/10.1002/adfm.201909045,Advanced Functional Materials,10.1002adfm.201909045,piezoelectric nano biomaterials for biomedicine and tissue regeneration,31.053000385123262,0.5,0.0,0.0,0.3583136159727891,0.0779607964798346,doi_key,doi_key,4.299763391673469,0.6236863718386768,4.923449763512146,36.47645014863541
"Colloidal lead halide perovskite nanocrystals: synthesis, optical properties and applications",2016,10.1038/am.2016.167,https://openalex.org/W2555716431,479,True,https://www.nature.com/articles/am2016167.pdf,https://doi.org/10.1038/am.2016.167,NPG Asia Materials,10.1038am.2016.167,colloidal lead halide perovskite nanocrystals synthesis optical properties and applications,30.868930519509682,0.1,0.0,0.0,0.3926993488008147,0.0943785659019883,doi_key,doi_key,4.712392185609776,0.7550285272159064,5.467420712825683,36.43635123233537
"Future prospects and recent developments of polyvinylidene fluoride (PVDF) piezoelectric polymer; fabrication methods, structure, and electro-mechanical properties",2023,10.1039/d2ra06774a,https://openalex.org/W4317777902,284,True,https://pubs.rsc.org/en/content/articlepdf/2023/ra/d2ra06774a,https://doi.org/10.1039/d2ra06774a,RSC Advances,10.1039d2ra06774a,future prospects and recent developments of polyvinylidene fluoride pvdf piezoelectric polymer fabrication methods structure and electro mechanical properties,28.262445901343256,0.8,0.0,0.0,0.3545683358853108,0.3730915013625385,doi_key,doi_key,4.25482003062373,2.984732010900308,7.239552041524037,36.301997942867295
Highly efficient oxygen evolution reaction via facile bubble transport realized by three-dimensionally stack-printed catalysts,2020,10.1038/s41467-020-18686-0,https://openalex.org/W3089918156,203,True,https://www.nature.com/articles/s41467-020-18686-0.pdf,https://doi.org/10.1038/s41467-020-18686-0,Nature Communications,10.1038s41467-020-18686-0,highly efficient oxygen evolution reaction via facile bubble transport realized by three dimensionally stack printed catalysts,26.59059996922108,0.5,1.5,3.0,0.4187992005885783,0.1460580292294383,doi_key,doi_key,5.025590407062939,1.1684642338355065,6.194054640898446,36.284654610119524
Edge stabilization in reduced-dimensional perovskites,2020,10.1038/s41467-019-13944-2,https://openalex.org/W3000612679,224,True,https://www.nature.com/articles/s41467-019-13944-2.pdf,https://doi.org/10.1038/s41467-019-13944-2,Nature Communications,10.1038s41467-019-13944-2,edge stabilization in reduced dimensional perovskites,27.0805020110221,0.5,0.0,0.0,0.4657743132305569,0.3872686014093611,doi_key,doi_key,5.589291758766683,3.0981488112748887,8.687440570041572,36.26794258106367
"Graphene quantum dot based materials for sensing, bio-imaging and energy storage applications: a review",2020,10.1039/d0ra03938a,https://openalex.org/W3036362356,302,True,https://pubs.rsc.org/en/content/articlepdf/2020/ra/d0ra03938a,https://doi.org/10.1039/d0ra03938a,RSC Advances,10.1039d0ra03938a,graphene quantum dot based materials for sensing bio imaging and energy storage applications a review,28.568664027546845,0.5,0.0,0.0,0.3568907050220695,0.3468602971902041,doi_key,doi_key,4.282688460264834,2.774882377521633,7.057570837786466,36.12623486533331
"Research Update: Large-area deposition, coating, printing, and processing techniques for the upscaling of perovskite solar cell technology",2016,10.1063/1.4962478,https://openalex.org/W2521353428,263,True,https://aip.scitation.org/doi/pdf/10.1063/1.4962478,https://doi.org/10.1063/1.4962478,APL Materials,10.10631.4962478,research update large area deposition coating printing and processing techniques for the upscaling of perovskite solar cell technology,27.879745515731578,0.1,2.5,5.0,0.2199057215858412,0.0615181328699089,doi_key,doi_key,2.6388686590300945,0.4921450629592712,3.1310137219893655,36.11075923772094
Monolithic Perovskite Tandem Solar Cells: A Review of the Present Status and Advanced Characterization Methods Toward 30% Efficiency,2020,10.1002/aenm.201904102,https://openalex.org/W3023269376,492,True,https://onlinelibrary.wiley.com/doi/pdfdirect/10.1002/aenm.201904102,https://doi.org/10.1002/aenm.201904102,Advanced Energy Materials,10.1002aenm.201904102,monolithic perovskite tandem solar cells a review of the present status and advanced characterization methods toward 30 efficiency,31.00254587021345,0.5,0.0,0.0,0.3341084106964663,0.0688953544040831,doi_key,doi_key,4.009300928357596,0.5511628352326648,4.560463763590261,36.06300963380371
High-performance quasi-2D perovskite light-emitting diodes: from materials to devices,2021,10.1038/s41377-021-00501-0,https://openalex.org/W3138583285,477,True,https://www.nature.com/articles/s41377-021-00501-0.pdf,https://doi.org/10.1038/s41377-021-00501-0,Light Science & Applications,10.1038s41377-021-00501-0,high performance quasi 2d perovskite light emitting diodes from materials to devices,30.848053662457282,0.6,0.0,0.0,0.3488928576979879,0.0467963286730872,doi_key,doi_key,4.1867142923758545,0.3743706293846976,4.5610849217605525,36.00913858421784
"The versatile biomedical applications of bismuth-based nanoparticles and composites: therapeutic, diagnostic, biosensing, and regenerative properties",2020,10.1039/c9cs00283a,https://openalex.org/W3003821136,483,True,https://pubs.rsc.org/en/content/articlepdf/2020/cs/c9cs00283a,https://doi.org/10.1039/c9cs00283a,Chemical Society Reviews,10.1039c9cs00283a,the versatile biomedical applications of bismuth based nanoparticles and composites therapeutic diagnostic biosensing and regenerative properties,30.91042453358316,0.5,0.0,0.0,0.3313353109137577,0.0552092180200933,doi_key,doi_key,3.976023730965092,0.4416737441607464,4.417697475125839,35.828122008709
Formulation of functional materials for inkjet printing: A pathway towards fully 3D printed electronics,2023,10.1016/j.mtelec.2023.100058,https://openalex.org/W4386753321,70,True,https://ars.els-cdn.com/content/image/1-s2.0-S2772949423000347-ga1_lrg.jpg,https://doi.org/10.1016/j.mtelec.2023.100058,Materials Today Electronics,10.1016j.mtelec.2023.100058,formulation of functional materials for inkjet printing a pathway towards fully 3d printed electronics,21.313399385206576,0.8,6.5,13.0,0.0449935440596837,0.0104262097735464,doi_key,doi_key,0.5399225287162044,0.0834096781883712,0.6233322069045756,35.736731592111155
Recent Progress on the Long‐Term Stability of Perovskite Solar Cells,2018,10.1002/advs.201700387,https://openalex.org/W2790911031,438,True,https://onlinelibrary.wiley.com/doi/pdfdirect/10.1002/advs.201700387,https://doi.org/10.1002/advs.201700387,Advanced Science,10.1002advs.201700387,recent progress on the long term stability of perovskite solar cells,30.422497065375858,0.3,0.0,0.0,0.3630196746446845,0.0668019868210585,doi_key,doi_key,4.356236095736214,0.534415894568468,4.890651990304682,35.61314905568054
"Advances in organic photovoltaic cells: a comprehensive review of materials, technologies, and performance",2023,10.1039/d3ra01454a,https://openalex.org/W4366453611,254,True,https://pubs.rsc.org/en/content/articlepdf/2023/ra/d3ra01454a,https://doi.org/10.1039/d3ra01454a,RSC Advances,10.1039d3ra01454a,advances in organic photovoltaic cells a comprehensive review of materials technologies and performance,27.70631772579213,0.8,0.0,0.0,0.3203065978922875,0.4006390030315311,doi_key,doi_key,3.84367917470745,3.205112024252249,7.048791198959699,35.55510892475183
Emerging electrochemical energy conversion and storage technologies,2014,10.3389/fchem.2014.00079,https://openalex.org/W2161867954,456,True,https://www.frontiersin.org/articles/10.3389/fchem.2014.00079/pdf,https://doi.org/10.3389/fchem.2014.00079,Frontiers in Chemistry,10.3389fchem.2014.00079,emerging electrochemical energy conversion and storage technologies,30.623416954471026,0.0,0.0,0.0,0.3495179521682289,0.0911630811039764,doi_key,doi_key,4.194215426018747,0.7293046488318112,4.9235200748505585,35.54693702932158
Graphene Oxide and Derivatives: The Place in Graphene Family,2019,10.3389/fphy.2018.00149,https://openalex.org/W2912008130,426,True,https://www.frontiersin.org/articles/10.3389/fphy.2018.00149/pdf,https://doi.org/10.3389/fphy.2018.00149,Frontiers in Physics,10.3389fphy.2018.00149,graphene oxide and derivatives the place in graphene family,30.283920066143125,0.4,0.0,0.0,0.3445664381850761,0.0872918502386749,doi_key,doi_key,4.134797258220913,0.6983348019093992,4.833132060130312,35.517052126273434
20.8% slot-die coated MAPbI3 perovskite solar cells by optimal DMSO-content and age of 2-ME based precursor inks,2020,10.21203/rs.3.rs-93765/v1,https://openalex.org/W4242375312,33,True,https://www.researchsquare.com/article/rs-93765/v1.pdf?c=1603247062000,https://doi.org/10.21203/rs.3.rs-93765/v1,UNKNOWN,10.21203rs.3.rs-93765v1,20 8 slot die coated mapbi3 perovskite solar cells by optimal dmso content and age of 2 me based precursor inks,17.63180262308081,0.5,8.5,17.0,0.0217008369736045,0.0076765763926601,doi_key,doi_key,0.260410043683254,0.0614126111412808,0.32182265482453476,35.453625277905346
Device simulation of highly efficient eco-friendly CH3NH3SnI3 perovskite solar cell,2021,10.1038/s41598-021-82817-w,https://openalex.org/W3128517286,297,True,https://www.nature.com/articles/s41598-021-82817-w.pdf,https://doi.org/10.1038/s41598-021-82817-w,Scientific Reports,10.1038s41598-021-82817-w,device simulation of highly efficient eco friendly ch3nh3sni3 perovskite solar cell,28.485467432527024,0.6,0.0,0.0,0.3205702188867123,0.3138059448729829,doi_key,doi_key,3.846842626640547,2.5104475589838633,6.357290185624411,35.44275761815143
The 2020 photovoltaic technologies roadmap,2020,10.1088/1361-6463/ab9c6a,https://openalex.org/W3034837531,421,True,https://iopscience.iop.org/article/10.1088/1361-6463/ab9c6a/pdf,https://doi.org/10.1088/1361-6463/ab9c6a,Journal of Physics D Applied Physics,10.10881361-6463ab9c6a,the 2020 photovoltaic technologies roadmap,30.22502657018006,0.5,0.0,0.0,0.330188489520095,0.0806632053260021,doi_key,doi_key,3.9622618742411397,0.6453056426080168,4.607567516849157,35.332594087029214
Excess charge-carrier induced instability of hybrid perovskites,2018,10.1038/s41467-018-07438-w,https://openalex.org/W2900711066,231,True,https://www.nature.com/articles/s41467-018-07438-w.pdf,https://doi.org/10.1038/s41467-018-07438-w,Nature Communications,10.1038s41467-018-07438-w,excess charge carrier induced instability of hybrid perovskites,27.23368685833155,0.3,0.0,0.0,0.4901965701361742,0.2255641752336837,doi_key,doi_key,5.88235884163409,1.8045134018694695,7.68687224350356,35.22055910183511
Roll‐to‐Roll Slot Die Coated Perovskite for Efficient Flexible Solar Cells,2018,10.1002/aenm.201801935,https://openalex.org/W2896268144,239,True,https://onlinelibrary.wiley.com/doi/pdfdirect/10.1002/aenm.201801935,https://doi.org/10.1002/aenm.201801935,Advanced Energy Materials,10.1002aenm.201801935,roll to roll slot die coated perovskite for efficient flexible solar cells,27.403194616709957,0.3,2.5,5.0,0.1772557556330212,0.0406616277475931,doi_key,doi_key,2.1270690675962545,0.3252930219807448,2.452362089576999,35.15555670628696
Interfacial Materials for Organic Solar Cells: Recent Advances and Perspectives,2016,10.1002/advs.201500362,https://openalex.org/W2281370366,463,True,https://onlinelibrary.wiley.com/doi/pdfdirect/10.1002/advs.201500362,https://doi.org/10.1002/advs.201500362,Advanced Science,10.1002advs.201500362,interfacial materials for organic solar cells recent advances and perspectives,30.699422761131277,0.1,0.0,0.0,0.3254374864925058,0.0549498278594061,doi_key,doi_key,3.9052498379100697,0.4395986228752488,4.344848460785318,35.1442712219166
In situ dynamic observations of perovskite crystallisation and microstructure evolution intermediated from [PbI6]4− cage nanoparticles,2017,10.1038/ncomms15688,https://openalex.org/W2662873333,240,True,https://www.nature.com/articles/ncomms15688.pdf,https://doi.org/10.1038/ncomms15688,Nature Communications,10.1038ncomms15688,in situ dynamic observations of perovskite crystallisation and microstructure evolution intermediated from pbi6 4 cage nanoparticles,27.423984667453276,0.2,0.0,0.0,0.4804768652768473,0.2173693577995086,doi_key,doi_key,5.765722383322167,1.738954862396069,7.504677245718236,35.12866191317151
A review of aerosol jet printing—a non-traditional hybrid process for micro-manufacturing,2019,10.1007/s00170-019-03438-2,https://openalex.org/W2944404756,413,True,https://link.springer.com/content/pdf/10.1007/s00170-019-03438-2.pdf,https://doi.org/10.1007/s00170-019-03438-2,The International Journal of Advanced Manufacturing Technology,10.1007s00170-019-03438-2,a review of aerosol jet printing a non traditional hybrid process for micro manufacturing,30.129329869126572,0.4,0.0,0.0,0.3280356008358237,0.0804329995340906,doi_key,doi_key,3.9364272100298847,0.6434639962727248,4.57989120630261,35.10922107542918
Aqueous dye-sensitized solar cells,2015,10.1039/c4cs00456f,https://openalex.org/W2163203770,453,True,https://pubs.rsc.org/en/content/articlepdf/2015/cs/c4cs00456f,https://doi.org/10.1039/c4cs00456f,Chemical Society Reviews,10.1039c4cs00456f,aqueous dye sensitized solar cells,30.59048599020674,0.0,0.0,0.0,0.3262410371162012,0.0739425684784303,doi_key,doi_key,3.9148924453944147,0.5915405478274424,4.506432993221857,35.096918983428594
Semiconducting Metal Oxide Based Sensors for Selective Gas Pollutant Detection,2009,10.3390/s91008158,https://openalex.org/W2128742521,435,True,https://www.mdpi.com/1424-8220/9/10/8158/pdf?version=1403311813,https://doi.org/10.3390/s91008158,Sensors,10.3390s91008158,semiconducting metal oxide based sensors for selective gas pollutant detection,30.38821121674517,0.0,0.0,0.0,0.3371408424074681,0.0782611391494359,doi_key,doi_key,4.045690108889618,0.6260891131954872,4.671779222085105,35.059990438830276
Enhancement of thermal stability for perovskite solar cells through cesium doping,2017,10.1039/c6ra28501e,https://openalex.org/W2603238395,226,True,https://pubs.rsc.org/en/content/articlepdf/2017/ra/c6ra28501e,https://doi.org/10.1039/c6ra28501e,RSC Advances,10.1039c6ra28501e,enhancement of thermal stability for perovskite solar cells through cesium doping,27.124750087407016,0.2,0.0,0.0,0.3296290186162327,0.4702068672671868,doi_key,doi_key,3.9555482233947927,3.7616549381374944,7.717203161532288,35.0419532489393
Cu2O photocathodes with band-tail states assisted hole transport for standalone solar water splitting,2020,10.1038/s41467-019-13987-5,https://openalex.org/W2999746085,231,True,https://www.nature.com/articles/s41467-019-13987-5.pdf,https://doi.org/10.1038/s41467-019-13987-5,Nature Communications,10.1038s41467-019-13987-5,cu2o photocathodes with band tail states assisted hole transport for standalone solar water splitting,27.23368685833155,0.5,0.0,0.0,0.4531355653049982,0.2320052209317353,doi_key,doi_key,5.4376267836599785,1.8560417674538825,7.293668551113861,35.027355409445406
Dimension control of in situ fabricated CsPbClBr2 nanocrystal films toward efficient blue light-emitting diodes,2020,10.1038/s41467-020-20163-7,https://openalex.org/W3116386156,238,True,https://www.nature.com/articles/s41467-020-20163-7.pdf,https://doi.org/10.1038/s41467-020-20163-7,Nature Communications,10.1038s41467-020-20163-7,dimension control of in situ fabricated cspbclbr2 nanocrystal films toward efficient blue light emitting diodes,27.382317759657553,0.5,0.0,0.0,0.475305103740723,0.1800856243741384,doi_key,doi_key,5.703661244888676,1.440684994993107,7.1443462398817825,35.02666399953934
Design of highly efficient deep-blue organic afterglow through guest sensitization and matrices rigidification,2020,10.1038/s41467-020-18572-9,https://openalex.org/W3088438454,245,True,https://www.nature.com/articles/s41467-020-18572-9.pdf,https://doi.org/10.1038/s41467-020-18572-9,Nature Communications,10.1038s41467-020-18572-9,design of highly efficient deep blue organic afterglow through guest sensitization and matrices rigidification,27.526657679661813,0.5,0.0,0.0,0.4719354084218014,0.1537086267104835,doi_key,doi_key,5.663224901061616,1.229669013683868,6.892893914745484,34.919551594407295
Lead-Free Perovskite Materials for Solar Cells,2021,10.1007/s40820-020-00578-z,https://openalex.org/W3125938257,376,True,https://link.springer.com/content/pdf/10.1007/s40820-020-00578-z.pdf,https://doi.org/10.1007/s40820-020-00578-z,Nano-Micro Letters,10.1007s40820-020-00578-z,lead free perovskite materials for solar cells,29.661225937240054,0.6,0.0,0.0,0.2896150171337592,0.1420776585470286,doi_key,doi_key,3.47538020560511,1.136621268376229,4.612001473981339,34.87322741122139
Templated growth of oriented layered hybrid perovskites on 3D-like perovskites,2020,10.1038/s41467-019-13856-1,https://openalex.org/W3004055767,224,True,https://www.nature.com/articles/s41467-019-13856-1.pdf,https://doi.org/10.1038/s41467-019-13856-1,Nature Communications,10.1038s41467-019-13856-1,templated growth of oriented layered hybrid perovskites on 3d like perovskites,27.0805020110221,0.5,0.0,0.0,0.4717746262087242,0.2021606230757187,doi_key,doi_key,5.66129551450469,1.6172849846057495,7.27858049911044,34.85908251013254
Thin-Film Coating Methods: A Successful Marriage of High-Quality and Cost-Effectiveness—A Brief Exploration,2022,10.3390/coatings12081115,https://openalex.org/W4289985740,272,True,https://www.mdpi.com/2079-6412/12/8/1115/pdf?version=1659689198,https://doi.org/10.3390/coatings12081115,Coatings,10.3390coatings12081115,thin film coating methods a successful marriage of high quality and cost effectiveness a brief exploration,28.047358975924798,0.7,1.5,3.0,0.2165028529709107,0.0544640735372946,doi_key,doi_key,2.5980342356509283,0.4357125882983568,3.033746823949285,34.781105799874084
Degradation of Highly Alloyed Metal Halide Perovskite Precursor Inks: Mechanism and Storage Solutions,2018,10.1021/acsenergylett.8b00305,https://openalex.org/W2790258356,101,True,https://www.osti.gov/servlets/purl/1432603,https://www.osti.gov/biblio/1432603,ACS Energy Letters,10.1021acsenergylett.8b00305,degradation of highly alloyed metal halide perovskite precursor inks mechanism and storage solutions,23.124864066421353,0.3,5.0,10.0,0.0833975805767208,0.0356833715268817,doi_key,doi_key,1.0007709669206495,0.2854669722150536,1.286237939135703,34.71110200555705
Advanced Materials for Use in Soft Self‐Healing Devices,2017,10.1002/adma.201604973,https://openalex.org/W2590494583,428,True,https://onlinelibrary.wiley.com/doi/pdfdirect/10.1002/adma.201604973,https://doi.org/10.1002/adma.201604973,Advanced Materials,10.1002adma.201604973,advanced materials for use in soft self healing devices,30.307284594640084,0.2,0.0,0.0,0.2944310229841809,0.0789760382427578,doi_key,doi_key,3.5331722758101707,0.6318083059420624,4.164980581752233,34.672265176392315
Dye Sensitized Solar Cells,2010,10.3390/ijms11031103,https://openalex.org/W3146047478,395,True,https://www.mdpi.com/1422-0067/11/3/1103/pdf?version=1403139375,https://doi.org/10.3390/ijms11031103,International Journal of Molecular Sciences,10.3390ijms11031103,dye sensitized solar cells,29.907071056272404,0.0,0.0,0.0,0.3299886994294522,0.0992263887752282,doi_key,doi_key,3.9598643931534263,0.7938111102018256,4.753675503355252,34.660746559627654
Inkjet printed mesoscopic perovskite solar cells with custom design capability,2020,10.1039/d0ma00077a,https://openalex.org/W3020619809,60,True,https://pubs.rsc.org/en/content/articlepdf/2020/ma/d0ma00077a,https://doi.org/10.1039/d0ma00077a,Materials Advances,10.1039d0ma00077a,inkjet printed mesoscopic perovskite solar cells with custom design capability,20.554369320866556,0.5,6.5,13.0,0.0424650909572383,0.010359725535586,doi_key,doi_key,0.5095810914868596,0.082877804284688,0.5924588957715475,34.646828216638106
Interfacial self-healing polymer electrolytes for long-cycle solid-state lithium-sulfur batteries,2024,10.1038/s41467-023-43467-w,https://openalex.org/W4390670057,222,True,https://www.nature.com/articles/s41467-023-43467-w.pdf,https://doi.org/10.1038/s41467-023-43467-w,Nature Communications,10.1038s41467-023-43467-w,interfacial self healing polymer electrolytes for long cycle solid state lithium sulfur batteries,27.035858857300596,0.9,0.0,0.0,0.4465753756834094,0.1678795396403418,doi_key,doi_key,5.358904508200912,1.3430363171227344,6.701940825323646,34.63779968262424
